dataset_key,dataset,common8_support,data_file,scraw_default_result_row_id,scraw_default_config_path,scraw_default_source_root,label_key,dann_batch_column,n_cells,n_genes,n_labels,label_names_json,sequencing_technology,technology_family,n_batches,batch_names_json,batch_names_display,batch_sizes_json,batch_example,batch_effect_description,batch_PCR_on_PCA,batch_effect_importance_label,n_rare_classes_lt5pct,rare_classes_lt5pct_composition,n_ultrarare_classes_lt1pct,ultrarare_classes_lt1pct_composition,all_classes_composition,cell_type_counts_json,cell_type_pct_json,majority_class_name,majority_class_count,majority_class_pct,minority_class_name,minority_class_count,minority_class_pct,class_imbalance_ratio,class_imbalance_label,comparison_methods_available,methods_tested,n_methods_tested,n_cells_group,class_gini_coefficient
bbag094_zeisel,BBAG094 Zeisel,True,/data2/fbidet/scRAW_EXPERIMENTAL/data/bbag094_zeisel.h5ad,SG_RUN_0001,/data2/fbidet/scRAW_EXPERIMENTAL/results/presentation_stable_generalist_nonbaron_20260324/scRAW_default_from_scRAW_seed60_stage_umaps_20260421/bbag094_zeisel/seed_60/config/config_used.json,/data2/fbidet/scRAW_EXPERIMENTAL/results/presentation_stable_generalist_nonbaron_20260324/scRAW_default_from_scRAW_seed60_stage_umaps_20260421/bbag094_zeisel/seed_60,label,batch,3006,19972,10,"[""3"", ""4"", ""2"", ""1"", ""7"", ""6"", ""5"", ""9"", ""8"", ""unknown""]",Fluidigm C1 / C1-STRT (UMI-based),Plate / FACS / microfluidic,10,"[""3"", ""4"", ""2"", ""1"", ""7"", ""6"", ""5"", ""9"", ""8"", ""unknown""]",3 | 4 | 2 | 1 | 7 | 6 | 5 | 9 | 8 | unknown,"{""1"": 290, ""2"": 390, ""3"": 948, ""4"": 820, ""5"": 98, ""6"": 175, ""7"": 198, ""8"": 26, ""9"": 60, ""unknown"": 1}",3,technical batch / sample,0.498711,High,4,unknown (1; 0.03%); 8 (26; 0.86%); 9 (60; 2.00%); 5 (98; 3.26%),2,unknown (1; 0.03%); 8 (26; 0.86%),3 (948; 31.54%); 4 (820; 27.28%); 2 (390; 12.97%); 1 (290; 9.65%); 7 (198; 6.59%); 6 (175; 5.82%); 5 (98; 3.26%); 9 (60; 2.00%); 8 (26; 0.86%); unknown (1; 0.03%),"{""1"": 290, ""2"": 390, ""3"": 948, ""4"": 820, ""5"": 98, ""6"": 175, ""7"": 198, ""8"": 26, ""9"": 60, ""unknown"": 1}","{""1"": 9.647372, ""2"": 12.974052, ""3"": 31.536926, ""4"": 27.278776, ""5"": 3.260146, ""6"": 5.82169, ""7"": 6.586826, ""8"": 0.864937, ""9"": 1.996008, ""unknown"": 0.033267}",3,948,31.536926,unknown,1,0.033267,948.0,High,"CellSIUS, CellSIUS+Harmony, ComBat, ComBat-seq, DESC, DeepScena, DeepScena+Harmony, GiniClust, GiniClust+Harmony, Harmony, Scanorama, pca_leiden, scAIDE, scAIDE+Harmony, scCAD, scCAD+Harmony, scMAE, scMAE+Harmony, scNAME, scNAME+Harmony, scvi, scvi+Harmony","CellSIUS, CellSIUS+Harmony, ComBat, ComBat-seq, DESC, DeepScena, DeepScena+Harmony, GiniClust, GiniClust+Harmony, Harmony, Scanorama, pca_leiden, scAIDE, scAIDE+Harmony, scCAD, scCAD+Harmony, scMAE, scMAE+Harmony, scNAME, scNAME+Harmony, scRAW (best per dataset), scRAW (best trial so far), scRAW (default), scRAW (default_v2), scRAW (stable_default no DANN + Harmony), scRAW (stable_default no DANN), scRAW (trial_0008), scRAW (trial_0009), scRAW (stable_generalist), scRAW (trial_0023), scRAW (trial_0027), scRAW (trial_0029), scRAW (trial_0060), scRAW (trial_0074), scvi, scvi+Harmony",36,Medium,0.5432468396540253
bbag094_spleen,BBAG094 spleen,True,/data2/fbidet/scRAW_EXPERIMENTAL/data/bbag094_spleen.h5ad,SG_RUN_0020,/data2/fbidet/scRAW_EXPERIMENTAL/results/presentation_stable_generalist_nonbaron_20260324/scRAW_default_from_scRAW_seed60_stage_umaps_20260421/bbag094_spleen/seed_60/config/config_used.json,/data2/fbidet/scRAW_EXPERIMENTAL/results/presentation_stable_generalist_nonbaron_20260324/scRAW_default_from_scRAW_seed60_stage_umaps_20260421/bbag094_spleen/seed_60,label,batch,9552,23341,5,"[""B cell"", ""T cell"", ""macrophage"", ""natural killer cell"", ""dendritic cell""]",10x Genomics,10x / droplet,2,"[""3-F-56"", ""3-M-8""]",3-F-56 | 3-M-8,"{""3-F-56"": 6113, ""3-M-8"": 3439}",3-F-56,donor / individual,0.022176,Low,3,dendritic cell (42; 0.44%); natural killer cell (230; 2.41%); macrophage (464; 4.86%),1,dendritic cell (42; 0.44%),B cell (6886; 72.09%); T cell (1930; 20.21%); macrophage (464; 4.86%); natural killer cell (230; 2.41%); dendritic cell (42; 0.44%),"{""B cell"": 6886, ""T cell"": 1930, ""dendritic cell"": 42, ""macrophage"": 464, ""natural killer cell"": 230}","{""B cell"": 72.089615, ""T cell"": 20.205193, ""dendritic cell"": 0.439698, ""macrophage"": 4.857621, ""natural killer cell"": 2.407873}",B cell,6886,72.089615,dendritic cell,42,0.439698,163.95238095238096,High,"CellSIUS, CellSIUS+Harmony, ComBat, ComBat-seq, DESC, DeepScena, DeepScena+Harmony, GiniClust, GiniClust+Harmony, Harmony, Scanorama, pca_leiden, scAIDE, scAIDE+Harmony, scCAD, scCAD+Harmony, scMAE, scMAE+Harmony, scNAME, scNAME+Harmony, scvi, scvi+Harmony","CellSIUS, CellSIUS+Harmony, ComBat, ComBat-seq, DESC, DeepScena, DeepScena+Harmony, GiniClust, GiniClust+Harmony, Harmony, Scanorama, pca_leiden, scAIDE, scAIDE+Harmony, scCAD, scCAD+Harmony, scMAE, scMAE+Harmony, scNAME, scNAME+Harmony, scRAW (best per dataset), scRAW (best trial so far), scRAW (default), scRAW (default_v2), scRAW (stable_default no DANN + Harmony), scRAW (stable_default no DANN), scRAW (trial_0008), scRAW (trial_0009), scRAW (stable_generalist), scRAW (trial_0023), scRAW (trial_0027), scRAW (trial_0029), scRAW (trial_0060), scRAW (trial_0074), scvi, scvi+Harmony",36,Large,0.6443886097152428
baron_human_pancreas,Baron human pancreas,True,/data2/fbidet/scRAW_EXPERIMENTAL/data/baron_human_pancreas.h5ad,SG_RUN_0039,/data2/fbidet/scRAW/results/default_40seeds_deep2/seed_60/config/config_used.json,/data2/fbidet/scRAW/results/default_40seeds_deep2/seed_60,label,batch,8569,20125,14,"[""beta"", ""alpha"", ""ductal"", ""acinar"", ""delta"", ""activated_stellate"", ""gamma"", ""endothelial"", ""quiescent_stellate"", ""macrophage"", ""mast"", ""epsilon"", ""schwann"", ""t_cell""]",inDrop,inDrop,4,"[""human3"", ""human1"", ""human2"", ""human4""]",human3 | human1 | human2 | human4,"{""human1"": 1937, ""human2"": 1724, ""human3"": 3605, ""human4"": 1303}",human3,donor / individual,0.047784,Low,9,t_cell (7; 0.08%); schwann (13; 0.15%); epsilon (18; 0.21%); mast (25; 0.29%); macrophage (55; 0.64%); quiescent_stellate (173; 2.02%); endothelial (252; 2.94%); gamma (255; 2.98%); activated_stellate (284; 3.31%),5,t_cell (7; 0.08%); schwann (13; 0.15%); epsilon (18; 0.21%); mast (25; 0.29%); macrophage (55; 0.64%),beta (2525; 29.47%); alpha (2326; 27.14%); ductal (1077; 12.57%); acinar (958; 11.18%); delta (601; 7.01%); activated_stellate (284; 3.31%); gamma (255; 2.98%); endothelial (252; 2.94%); quiescent_stellate (173; 2.02%); macrophage (55; 0.64%); mast (25; 0.29%); epsilon (18; 0.21%); schwann (13; 0.15%); t_cell (7; 0.08%),"{""acinar"": 958, ""activated_stellate"": 284, ""alpha"": 2326, ""beta"": 2525, ""delta"": 601, ""ductal"": 1077, ""endothelial"": 252, ""epsilon"": 18, ""gamma"": 255, ""macrophage"": 55, ""mast"": 25, ""quiescent_stellate"": 173, ""schwann"": 13, ""t_cell"": 7}","{""acinar"": 11.179834, ""activated_stellate"": 3.314272, ""alpha"": 27.144358, ""beta"": 29.466682, ""delta"": 7.013654, ""ductal"": 12.568561, ""endothelial"": 2.940833, ""epsilon"": 0.21006, ""gamma"": 2.975843, ""macrophage"": 0.641849, ""mast"": 0.291749, ""quiescent_stellate"": 2.018905, ""schwann"": 0.15171, ""t_cell"": 0.08169}",beta,2525,29.466682,t_cell,7,0.08169,360.7142857142857,High,"CellSIUS, CellSIUS+Harmony, ComBat, ComBat-seq, DESC, DeepScena, DeepScena+Harmony, GiniClust, GiniClust+Harmony, Harmony, Scanorama, pca_leiden, scAIDE, scAIDE+Harmony, scCAD, scCAD+Harmony, scMAE, scMAE+Harmony, scNAME, scNAME+Harmony, scvi, scvi+Harmony","CellSIUS, CellSIUS+Harmony, ComBat, ComBat-seq, DESC, DeepScena, DeepScena+Harmony, GiniClust, GiniClust+Harmony, Harmony, Scanorama, pca_leiden, scAIDE, scAIDE+Harmony, scCAD, scCAD+Harmony, scMAE, scMAE+Harmony, scNAME, scNAME+Harmony, scRAW (best per dataset), scRAW (best trial so far), scRAW (default), scRAW (default_v2), scRAW (stable_default no DANN + Harmony), scRAW (stable_default no DANN), scRAW (trial_0008), scRAW (trial_0009), scRAW (stable_generalist), scRAW (trial_0023), scRAW (trial_0027), scRAW (trial_0029), scRAW (trial_0060), scRAW (trial_0074), scvi, scvi+Harmony",36,Large,0.6443909107580481
gse112013_human_testis_raw_counts,Human testis GSE112013,True,/data2/fbidet/scRAW_EXPERIMENTAL/data/gse112013_human_testis_raw_counts.h5ad,SG_RUN_0058,/data2/fbidet/scRAW_EXPERIMENTAL/results/presentation_stable_generalist_nonbaron_20260324/scRAW_default_from_scRAW_seed60_stage_umaps_20260421/gse112013_human_testis_raw_counts/seed_60/config/config_used.json,/data2/fbidet/scRAW_EXPERIMENTAL/results/presentation_stable_generalist_nonbaron_20260324/scRAW_default_from_scRAW_seed60_stage_umaps_20260421/gse112013_human_testis_raw_counts/seed_60,label,batch,6490,27477,13,"[""Sperm2"", ""Sperm1"", ""Elongated_spermatid"", ""Leydig"", ""Early_spermatocyte"", ""Round_spermatid"", ""Endothelial"", ""Macrophage"", ""Myoid"", ""Spermatogonia"", ""Late_spermatocyte"", ""SSC"", ""Sertoli""]",10x Genomics Chromium Single Cell 3' v2,10x / droplet,6,"[""Donor1_scRNA-seq_rep2"", ""Donor3_scRNA-seq_rep2"", ""Donor3_scRNA-seq_rep1"", ""Donor2_scRNA-seq_rep2"", ""Donor1_scRNA-seq_rep1"", ""Donor2_scRNA-seq_rep1""]",Donor1_scRNA-seq_rep2 | Donor3_scRNA-seq_rep2 | Donor3_scRNA-seq_rep1 | Donor2_scRNA-seq_rep2 | Donor1_scRNA-seq_rep1 | Donor2_scRNA-seq_rep1,"{""Donor1_scRNA-seq_rep1"": 1000, ""Donor1_scRNA-seq_rep2"": 1248, ""Donor2_scRNA-seq_rep1"": 985, ""Donor2_scRNA-seq_rep2"": 1009, ""Donor3_scRNA-seq_rep1"": 1116, ""Donor3_scRNA-seq_rep2"": 1132}",Donor1_scRNA-seq_rep2,individual + sample replicate combination,0.024999,Low,4,Sertoli (28; 0.43%); SSC (294; 4.53%); Late_spermatocyte (319; 4.92%); Spermatogonia (320; 4.93%),1,Sertoli (28; 0.43%),Sperm2 (1025; 15.79%); Sperm1 (920; 14.18%); Elongated_spermatid (876; 13.50%); Leydig (607; 9.35%); Early_spermatocyte (560; 8.63%); Round_spermatid (509; 7.84%); Endothelial (353; 5.44%); Macrophage (341; 5.25%); Myoid (338; 5.21%); Spermatogonia (320; 4.93%); Late_spermatocyte (319; 4.92%); SSC (294; 4.53%); Sertoli (28; 0.43%),"{""Early_spermatocyte"": 560, ""Elongated_spermatid"": 876, ""Endothelial"": 353, ""Late_spermatocyte"": 319, ""Leydig"": 607, ""Macrophage"": 341, ""Myoid"": 338, ""Round_spermatid"": 509, ""SSC"": 294, ""Sertoli"": 28, ""Sperm1"": 920, ""Sperm2"": 1025, ""Spermatogonia"": 320}","{""Early_spermatocyte"": 8.628659, ""Elongated_spermatid"": 13.497689, ""Endothelial"": 5.439137, ""Late_spermatocyte"": 4.915254, ""Leydig"": 9.352851, ""Macrophage"": 5.254237, ""Myoid"": 5.208012, ""Round_spermatid"": 7.842835, ""SSC"": 4.530046, ""Sertoli"": 0.431433, ""Sperm1"": 14.175655, ""Sperm2"": 15.793529, ""Spermatogonia"": 4.930663}",Sperm2,1025,15.793529,Sertoli,28,0.431433,36.60714285714285,Intermediate,"CellSIUS, CellSIUS+Harmony, ComBat, ComBat-seq, DESC, DeepScena, DeepScena+Harmony, GiniClust, GiniClust+Harmony, Harmony, Scanorama, pca_leiden, scAIDE, scAIDE+Harmony, scCAD, scCAD+Harmony, scMAE, scMAE+Harmony, scNAME, scNAME+Harmony, scvi, scvi+Harmony","CellSIUS, CellSIUS+Harmony, ComBat, ComBat-seq, DESC, DeepScena, DeepScena+Harmony, GiniClust, GiniClust+Harmony, Harmony, Scanorama, pca_leiden, scAIDE, scAIDE+Harmony, scCAD, scCAD+Harmony, scMAE, scMAE+Harmony, scNAME, scNAME+Harmony, scRAW (best per dataset), scRAW (best trial so far), scRAW (default), scRAW (default_v2), scRAW (stable_default no DANN + Harmony), scRAW (stable_default no DANN), scRAW (trial_0008), scRAW (trial_0009), scRAW (stable_generalist), scRAW (trial_0023), scRAW (trial_0027), scRAW (trial_0029), scRAW (trial_0060), scRAW (trial_0074), scvi, scvi+Harmony",36,Medium,0.3037335545810122
kang_pbmc_gse96583_singlets_raw_counts,Kang PBMC,True,/data2/fbidet/scRAW_EXPERIMENTAL/data/kang_pbmc_gse96583_singlets_raw_counts.h5ad,SG_RUN_0077,/data2/fbidet/scRAW_EXPERIMENTAL/results/presentation_stable_generalist_nonbaron_20260324/scRAW_default_from_scRAW_seed60_stage_umaps_20260421/kang_pbmc_gse96583_singlets_raw_counts/seed_60/config/config_used.json,/data2/fbidet/scRAW_EXPERIMENTAL/results/presentation_stable_generalist_nonbaron_20260324/scRAW_default_from_scRAW_seed60_stage_umaps_20260421/kang_pbmc_gse96583_singlets_raw_counts/seed_60,Group,confounded_batch,24679,35635,8,"[""CD4 T cells"", ""CD14+ Monocytes"", ""B cells"", ""CD8 T cells"", ""NK cells"", ""FCGR3A+ Monocytes"", ""Dendritic cells"", ""Megakaryocytes""]",10x Genomics Chromium (droplet-based scRNA-seq),10x / droplet,16,"[""1015_ctrl"", ""1488_stim"", ""1015_stim"", ""1256_ctrl"", ""1488_ctrl"", ""1256_stim"", ""1244_ctrl"", ""1016_ctrl"", ""1016_stim"", ""1244_stim"", ""101_stim"", ""101_ctrl"", ""1039_stim"", ""107_stim"", ""107_ctrl"", ""1039_ctrl""]",1015_ctrl | 1488_stim | 1015_stim | 1256_ctrl | 1488_ctrl | 1256_stim | 1244_ctrl | 1016_ctrl | 1016_stim | 1244_stim | 101_stim | 101_ctrl | 1039_stim | 107_stim | 107_ctrl | 1039_ctrl,"{""1015_ctrl"": 2738, ""1015_stim"": 2352, ""1016_ctrl"": 1723, ""1016_stim"": 1635, ""101_ctrl"": 858, ""101_stim"": 1166, ""1039_ctrl"": 461, ""1039_stim"": 647, ""107_ctrl"": 517, ""107_stim"": 525, ""1244_ctrl"": 1879, ""1244_stim"": 1464, ""1256_ctrl"": 2108, ""1256_stim"": 2026, ""1488_ctrl"": 2031, ""1488_stim"": 2549}",1015_ctrl,individual + biological condition combination,0.069024,Intermediate,1,Dendritic cells (432; 1.75%),1,Megakaryocytes (260; 1.05%),CD4 T cells (10389; 42.10%); CD14+ Monocytes (5385; 21.82%); B cells (2579; 10.45%); CD8 T cells (2042; 8.27%); NK cells (1993; 8.08%); FCGR3A+ Monocytes (1599; 6.48%); Dendritic cells (432; 1.75%); Megakaryocytes (260; 1.05%),"{""B cells"": 2579, ""CD14+ Monocytes"": 5385, ""CD4 T cells"": 10389, ""CD8 T cells"": 2042, ""Dendritic cells"": 432, ""FCGR3A+ Monocytes"": 1599, ""Megakaryocytes"": 260, ""NK cells"": 1993}","{""B cells"": 10.45018, ""CD14+ Monocytes"": 21.820171, ""CD4 T cells"": 42.096519, ""CD8 T cells"": 8.274241, ""Dendritic cells"": 1.750476, ""FCGR3A+ Monocytes"": 6.479193, ""Megakaryocytes"": 1.053527, ""NK cells"": 8.075692}",CD4 T cells,10389,42.096519,Megakaryocytes,260,1.053527,39.95769230769231,Intermediate,"CellSIUS, CellSIUS+Harmony, ComBat, ComBat-seq, DESC, DeepScena, DeepScena+Harmony, GiniClust, GiniClust+Harmony, Harmony, Scanorama, pca_leiden, scAIDE, scAIDE+Harmony, scCAD, scCAD+Harmony, scMAE, scMAE+Harmony, scNAME, scNAME+Harmony, scvi, scvi+Harmony","CellSIUS, CellSIUS+Harmony, ComBat, ComBat-seq, DESC, DeepScena, DeepScena+Harmony, GiniClust, GiniClust+Harmony, Harmony, Scanorama, pca_leiden, scAIDE, scAIDE+Harmony, scCAD, scCAD+Harmony, scMAE, scMAE+Harmony, scNAME, scNAME+Harmony, scRAW (best per dataset), scRAW (best trial so far), scRAW (default), scRAW (default_v2), scRAW (stable_default no DANN + Harmony), scRAW (stable_default no DANN), scRAW (trial_0008), scRAW (trial_0009), scRAW (stable_generalist), scRAW (trial_0023), scRAW (trial_0027), scRAW (trial_0029), scRAW (trial_0060), scRAW (trial_0074), scvi, scvi+Harmony",36,Large,0.4997011629320474
macaque_retina_gse118480_bipolar_raw_counts,Macaque retina bipolar,True,/data2/fbidet/scRAW_EXPERIMENTAL/data/macaque_retina_gse118480_bipolar_raw_counts.h5ad,SG_RUN_0096,/data2/fbidet/scRAW_EXPERIMENTAL/results/presentation_stable_generalist_nonbaron_20260324/scRAW_default_from_scRAW_seed60_stage_umaps_20260421/macaque_retina_gse118480_bipolar_raw_counts/seed_60/config/config_used.json,/data2/fbidet/scRAW_EXPERIMENTAL/results/presentation_stable_generalist_nonbaron_20260324/scRAW_default_from_scRAW_seed60_stage_umaps_20260421/macaque_retina_gse118480_bipolar_raw_counts/seed_60,Group,batch,30302,36162,12,"[""IMB"", ""FMB"", ""RB"", ""DB5*"", ""DB4"", ""DB3b"", ""DB2"", ""BB/GB*"", ""DB1"", ""DB6"", ""DB3a"", ""OFFx""]",10x Genomics Chromium 3' v2,10x / droplet,30,"[""M3Fovea2"", ""M2PerCD73S2"", ""M2PerCD73S1"", ""M1PerCD73S2"", ""M1PerCD73S1"", ""M1Fovea4"", ""M3Fovea3"", ""M3Fovea1"", ""M1Fovea7"", ""M1Fovea1"", ""M4PerCD73S1"", ""M1Fovea5"", ""M1Fovea2"", ""M4PerCD73S2"", ""M2Fovea8"", ""M4Fovea2"", ""M2Fovea6"", ""M2Fovea3"", ""M1Fovea6"", ""M1Fovea8"", ""M2Fovea2"", ""M4Fovea3"", ""M4Fovea1"", ""M2Fovea4"", ""M2Fovea1"", ""M2PerMixedS1"", ""M2Fovea7"", ""M2Fovea5"", ""M1CD90PNA_S1"", ""M1Fovea3""]",M3Fovea2 | M2PerCD73S2 | M2PerCD73S1 | M1PerCD73S2 | M1PerCD73S1 | M1Fovea4 | M3Fovea3 | M3Fovea1 | M1Fovea7 | M1Fovea1 | M4PerCD73S1 | M1Fovea5 | M1Fovea2 | M4PerCD73S2 | M2Fovea8 | M4Fovea2 | M2Fovea6 | M2Fovea3 | M1Fovea6 | M1Fovea8 | M2Fovea2 | M4Fovea3 | M4Fovea1 | M2Fovea4 | M2Fovea1 | M2PerMixedS1 | M2Fovea7 | M2Fovea5 | M1CD90PNA_S1 | M1Fovea3,"{""M1CD90PNA_S1"": 193, ""M1Fovea1"": 1182, ""M1Fovea2"": 1091, ""M1Fovea3"": 102, ""M1Fovea4"": 1308, ""M1Fovea5"": 1160, ""M1Fovea6"": 871, ""M1Fovea7"": 1206, ""M1Fovea8"": 826, ""M1PerCD73S1"": 1410, ""M1PerCD73S2"": 1446, ""M2Fovea1"": 661, ""M2Fovea2"": 825, ""M2Fovea3"": 900, ""M2Fovea4"": 706, ""M2Fovea5"": 564, ""M2Fovea6"": 912, ""M2Fovea7"": 620, ""M2Fovea8"": 973, ""M2PerCD73S1"": 1609, ""M2PerCD73S2"": 1790, ""M2PerMixedS1"": 661, ""M3Fovea1"": 1250, ""M3Fovea2"": 2062, ""M3Fovea3"": 1269, ""M4Fovea1"": 765, ""M4Fovea2"": 943, ""M4Fovea3"": 821, ""M4PerCD73S1"": 1162, ""M4PerCD73S2"": 1014}",M3Fovea2,sample/capture nested within individual,0.184159,High,4,OFFx (147; 0.49%); DB3a (623; 2.06%); DB6 (658; 2.17%); DB1 (996; 3.29%),1,OFFx (147; 0.49%),IMB (6151; 20.30%); FMB (4500; 14.85%); RB (4076; 13.45%); DB5* (3467; 11.44%); DB4 (2985; 9.85%); DB3b (2640; 8.71%); DB2 (2244; 7.41%); BB/GB* (1815; 5.99%); DB1 (996; 3.29%); DB6 (658; 2.17%); DB3a (623; 2.06%); OFFx (147; 0.49%),"{""BB/GB*"": 1815, ""DB1"": 996, ""DB2"": 2244, ""DB3a"": 623, ""DB3b"": 2640, ""DB4"": 2985, ""DB5*"": 3467, ""DB6"": 658, ""FMB"": 4500, ""IMB"": 6151, ""OFFx"": 147, ""RB"": 4076}","{""BB/GB*"": 5.989704, ""DB1"": 3.286912, ""DB2"": 7.405452, ""DB3a"": 2.05597, ""DB3b"": 8.712296, ""DB4"": 9.850835, ""DB5*"": 11.441489, ""DB6"": 2.171474, ""FMB"": 14.850505, ""IMB"": 20.29899, ""OFFx"": 0.485116, ""RB"": 13.451257}",IMB,6151,20.29899,OFFx,147,0.485116,41.84353741496599,Intermediate,"CellSIUS, CellSIUS+Harmony, ComBat, ComBat-seq, DESC, DeepScena, DeepScena+Harmony, GiniClust, GiniClust+Harmony, Harmony, Scanorama, pca_leiden, scAIDE, scAIDE+Harmony, scCAD, scCAD+Harmony, scMAE, scMAE+Harmony, scNAME, scNAME+Harmony, scvi, scvi+Harmony","CellSIUS, CellSIUS+Harmony, ComBat, ComBat-seq, DESC, DeepScena, DeepScena+Harmony, GiniClust, GiniClust+Harmony, Harmony, Scanorama, pca_leiden, scAIDE, scAIDE+Harmony, scCAD, scCAD+Harmony, scMAE, scMAE+Harmony, scNAME, scNAME+Harmony, scRAW (best per dataset), scRAW (best trial so far), scRAW (default), scRAW (default_v2), scRAW (stable_default no DANN + Harmony), scRAW (stable_default no DANN), scRAW (trial_0008), scRAW (trial_0009), scRAW (stable_generalist), scRAW (trial_0023), scRAW (trial_0027), scRAW (trial_0029), scRAW (trial_0060), scRAW (trial_0074), scvi, scvi+Harmony",36,Large,0.3881041955426484
pancreas_raw_counts,Pancreas,False,/data2/fbidet/scRAW_EXPERIMENTAL/data/pancreas_raw_counts_no_smarter.h5ad,SG_RUN_0115,/data2/fbidet/scRAW_EXPERIMENTAL/results/presentation_stable_generalist_nonbaron_20260324/scRAW_default_from_scRAW_seed60_stage_umaps_20260421/pancreas_raw_counts/seed_60/config/config_used.json,/data2/fbidet/scRAW_EXPERIMENTAL/results/presentation_stable_generalist_nonbaron_20260324/scRAW_default_from_scRAW_seed60_stage_umaps_20260421/pancreas_raw_counts/seed_60,cell_type,batch,16400,14813,14,"[""alpha"", ""beta"", ""ductal"", ""acinar"", ""delta"", ""gamma"", ""activated_stellate"", ""endothelial"", ""quiescent_stellate"", ""macrophage"", ""mast"", ""epsilon"", ""schwann"", ""t_cell""]",inDrop + CEL-Seq + CEL-Seq2 + Fluidigm C1 + Smart-seq2,inDrop,9,[],,{},,sequencing technology / protocol,0.153014,High,9,t_cell (7; 0.05%); schwann (25; 0.17%); epsilon (32; 0.21%); mast (42; 0.28%); macrophage (79; 0.53%); quiescent_stellate (193; 1.29%); endothelial (313; 2.10%); activated_stellate (464; 3.11%); gamma (616; 4.13%),5,t_cell (7; 0.05%); schwann (25; 0.17%); epsilon (32; 0.21%); mast (42; 0.28%); macrophage (79; 0.53%),alpha (4616; 30.96%); beta (3700; 24.82%); ductal (2143; 14.37%); acinar (1671; 11.21%); delta (1007; 6.75%); gamma (616; 4.13%); activated_stellate (464; 3.11%); endothelial (313; 2.10%); quiescent_stellate (193; 1.29%); macrophage (79; 0.53%); mast (42; 0.28%); epsilon (32; 0.21%); schwann (25; 0.17%); t_cell (7; 0.05%),"{""acinar"": 1671, ""activated_stellate"": 464, ""alpha"": 4616, ""beta"": 3700, ""delta"": 1007, ""ductal"": 2143, ""endothelial"": 313, ""epsilon"": 32, ""gamma"": 616, ""macrophage"": 79, ""mast"": 42, ""quiescent_stellate"": 193, ""schwann"": 25, ""t_cell"": 7}","{""acinar"": 11.208747, ""activated_stellate"": 3.112423, ""alpha"": 30.963241, ""beta"": 24.818889, ""delta"": 6.754763, ""ductal"": 14.374832, ""endothelial"": 2.099544, ""epsilon"": 0.21465, ""gamma"": 4.13201, ""macrophage"": 0.529917, ""mast"": 0.281728, ""quiescent_stellate"": 1.294607, ""schwann"": 0.167695, ""t_cell"": 0.046955}",alpha,4616,30.963241,t_cell,7,0.046955,659.4285714285714,High,"CellSIUS, CellSIUS+Harmony, ComBat, ComBat-seq, DESC, DeepScena, DeepScena+Harmony, GiniClust, GiniClust+Harmony, Harmony, Scanorama, pca_leiden, scAIDE, scAIDE+Harmony, scCAD, scCAD+Harmony, scMAE, scMAE+Harmony, scNAME, scNAME+Harmony, scvi, scvi+Harmony","CellSIUS, CellSIUS+Harmony, ComBat, ComBat-seq, DESC, DeepScena, DeepScena+Harmony, GiniClust, GiniClust+Harmony, Harmony, Scanorama, pca_leiden, scAIDE, scAIDE+Harmony, scCAD, scCAD+Harmony, scMAE, scMAE+Harmony, scNAME, scNAME+Harmony, scRAW (best per dataset), scRAW (best trial so far), scRAW (default), scRAW (default_v2), scRAW (stable_default no DANN + Harmony), scRAW (stable_default no DANN), scRAW (trial_0009), scRAW (stable_generalist), scRAW (trial_0023), scRAW (trial_0027), scRAW (trial_0029), scRAW (trial_0060), scRAW (trial_0074), scvi, scvi+Harmony",35,Large,0.6554678216873011
pancreas_raw_counts_four_batches_celseq_celseq2_fluidigmc1_smartseq2,Pancreas 4 batches,False,/data2/fbidet/scRAW_EXPERIMENTAL/data/pancreas_raw_counts_four_batches_celseq_celseq2_fluidigmc1_smartseq2.h5ad,SG_RUN_0133,/data2/fbidet/scRAW_EXPERIMENTAL/results/presentation_stable_generalist_nonbaron_20260324/scRAW_default_from_scRAW_seed60_stage_umaps_20260421/pancreas_raw_counts_four_batches_celseq_celseq2_fluidigmc1_smartseq2/seed_60/config/config_used.json,/data2/fbidet/scRAW_EXPERIMENTAL/results/presentation_stable_generalist_nonbaron_20260324/scRAW_default_from_scRAW_seed60_stage_umaps_20260421/pancreas_raw_counts_four_batches_celseq_celseq2_fluidigmc1_smartseq2/seed_60,cell_type,batch,6339,14813,13,"[""alpha"", ""beta"", ""ductal"", ""acinar"", ""delta"", ""gamma"", ""activated_stellate"", ""endothelial"", ""macrophage"", ""quiescent_stellate"", ""mast"", ""epsilon"", ""schwann""]",CEL-Seq + CEL-Seq2 + Fluidigm C1 + Smart-seq2,Plate / FACS / microfluidic,4,"[""smartseq2"", ""celseq2"", ""celseq"", ""fluidigmc1""]",smartseq2 | celseq2 | celseq | fluidigmc1,"{""celseq"": 1004, ""celseq2"": 2303, ""fluidigmc1"": 638, ""smartseq2"": 2394}",smartseq2,sequencing technology / protocol,0.155898,High,7,schwann (12; 0.19%); epsilon (14; 0.22%); mast (17; 0.27%); quiescent_stellate (20; 0.32%); macrophage (24; 0.38%); endothelial (61; 0.96%); activated_stellate (180; 2.84%),6,schwann (12; 0.19%); epsilon (14; 0.22%); mast (17; 0.27%); quiescent_stellate (20; 0.32%); macrophage (24; 0.38%); endothelial (61; 0.96%),alpha (2290; 36.13%); beta (1175; 18.54%); ductal (1066; 16.82%); acinar (713; 11.25%); delta (406; 6.40%); gamma (361; 5.69%); activated_stellate (180; 2.84%); endothelial (61; 0.96%); macrophage (24; 0.38%); quiescent_stellate (20; 0.32%); mast (17; 0.27%); epsilon (14; 0.22%); schwann (12; 0.19%),"{""acinar"": 713, ""activated_stellate"": 180, ""alpha"": 2290, ""beta"": 1175, ""delta"": 406, ""ductal"": 1066, ""endothelial"": 61, ""epsilon"": 14, ""gamma"": 361, ""macrophage"": 24, ""mast"": 17, ""quiescent_stellate"": 20, ""schwann"": 12}","{""acinar"": 11.247831, ""activated_stellate"": 2.839565, ""alpha"": 36.125572, ""beta"": 18.536047, ""delta"": 6.404796, ""ductal"": 16.816533, ""endothelial"": 0.962297, ""epsilon"": 0.220855, ""gamma"": 5.694905, ""macrophage"": 0.378609, ""mast"": 0.268181, ""quiescent_stellate"": 0.315507, ""schwann"": 0.189304}",alpha,2290,36.125572,schwann,12,0.189304,190.8333333333333,High,"CellSIUS, CellSIUS+Harmony, ComBat, ComBat-seq, DESC, DeepScena, DeepScena+Harmony, GiniClust, GiniClust+Harmony, Harmony, Scanorama, pca_leiden, scAIDE, scAIDE+Harmony, scCAD, scCAD+Harmony, scMAE, scMAE+Harmony, scNAME, scNAME+Harmony, scvi, scvi+Harmony","CellSIUS, CellSIUS+Harmony, ComBat, ComBat-seq, DESC, DeepScena, DeepScena+Harmony, GiniClust, GiniClust+Harmony, Harmony, Scanorama, pca_leiden, scAIDE, scAIDE+Harmony, scCAD, scCAD+Harmony, scMAE, scMAE+Harmony, scNAME, scNAME+Harmony, scRAW (best per dataset), scRAW (best trial so far), scRAW (default), scRAW (default_v2), scRAW (stable_default no DANN + Harmony), scRAW (stable_default no DANN), scRAW (trial_0009), scRAW (stable_generalist), scRAW (trial_0023), scRAW (trial_0027), scRAW (trial_0029), scRAW (trial_0060), scRAW (trial_0074), scvi, scvi+Harmony",35,Medium,0.6507214192969043
paul15_bone_marrow_raw_counts,Paul15 bone marrow,True,/data2/fbidet/scRAW_EXPERIMENTAL/data/paul15_bone_marrow_raw_counts.h5ad,SG_RUN_0150,/data2/fbidet/scRAW_EXPERIMENTAL/results/presentation_stable_generalist_nonbaron_20260324/scRAW_default_from_scRAW_seed60_stage_umaps_20260421/paul15_bone_marrow_raw_counts/seed_60/config/config_used.json,/data2/fbidet/scRAW_EXPERIMENTAL/results/presentation_stable_generalist_nonbaron_20260324/scRAW_default_from_scRAW_seed60_stage_umaps_20260421/paul15_bone_marrow_raw_counts/seed_60,Group,batch,2730,3451,19,"[""14Mo"", ""2Ery"", ""13Baso"", ""3Ery"", ""15Mo"", ""5Ery"", ""6Ery"", ""7MEP"", ""16Neu"", ""10GMP"", ""4Ery"", ""12Baso"", ""8Mk"", ""9GMP"", ""1Ery"", ""19Lymph"", ""11DC"", ""17Neu"", ""18Eos""]",MARS-seq,Plate / FACS / microfluidic,1,"[""single_batch""]",single_batch,"{""single_batch"": 2730}",single_batch,no explicit batch,0.0,No explicit batch,9,18Eos (9; 0.33%); 17Neu (22; 0.81%); 11DC (30; 1.10%); 19Lymph (31; 1.14%); 1Ery (43; 1.58%); 9GMP (63; 2.31%); 8Mk (68; 2.49%); 12Baso (69; 2.53%); 4Ery (124; 4.54%),2,18Eos (9; 0.33%); 17Neu (22; 0.81%),14Mo (373; 13.66%); 2Ery (329; 12.05%); 13Baso (300; 10.99%); 3Ery (246; 9.01%); 15Mo (186; 6.81%); 5Ery (180; 6.59%); 6Ery (173; 6.34%); 7MEP (167; 6.12%); 16Neu (164; 6.01%); 10GMP (153; 5.60%); 4Ery (124; 4.54%); 12Baso (69; 2.53%); 8Mk (68; 2.49%); 9GMP (63; 2.31%); 1Ery (43; 1.58%); 19Lymph (31; 1.14%); 11DC (30; 1.10%); 17Neu (22; 0.81%); 18Eos (9; 0.33%),"{""10GMP"": 153, ""11DC"": 30, ""12Baso"": 69, ""13Baso"": 300, ""14Mo"": 373, ""15Mo"": 186, ""16Neu"": 164, ""17Neu"": 22, ""18Eos"": 9, ""19Lymph"": 31, ""1Ery"": 43, ""2Ery"": 329, ""3Ery"": 246, ""4Ery"": 124, ""5Ery"": 180, ""6Ery"": 173, ""7MEP"": 167, ""8Mk"": 68, ""9GMP"": 63}","{""10GMP"": 5.604396, ""11DC"": 1.098901, ""12Baso"": 2.527473, ""13Baso"": 10.989011, ""14Mo"": 13.663004, ""15Mo"": 6.813187, ""16Neu"": 6.007326, ""17Neu"": 0.805861, ""18Eos"": 0.32967, ""19Lymph"": 1.135531, ""1Ery"": 1.575092, ""2Ery"": 12.051282, ""3Ery"": 9.010989, ""4Ery"": 4.542125, ""5Ery"": 6.593407, ""6Ery"": 6.336996, ""7MEP"": 6.117216, ""8Mk"": 2.490842, ""9GMP"": 2.307692}",14Mo,373,13.663004,18Eos,9,0.32967,41.44444444444444,Intermediate,"CellSIUS, CellSIUS+Harmony, ComBat, ComBat-seq, DESC, DeepScena, DeepScena+Harmony, GiniClust, GiniClust+Harmony, Harmony, Scanorama, pca_leiden, scAIDE, scAIDE+Harmony, scCAD, scCAD+Harmony, scMAE, scMAE+Harmony, scNAME, scNAME+Harmony, scvi, scvi+Harmony","CellSIUS, CellSIUS+Harmony, ComBat, ComBat-seq, DESC, DeepScena, DeepScena+Harmony, GiniClust, GiniClust+Harmony, Harmony, Scanorama, pca_leiden, scAIDE, scAIDE+Harmony, scCAD, scCAD+Harmony, scMAE, scMAE+Harmony, scNAME, scNAME+Harmony, scRAW (best per dataset), scRAW (best trial so far), scRAW (default), scRAW (default_v2), scRAW (stable_default no DANN + Harmony), scRAW (stable_default no DANN), scRAW (trial_0008), scRAW (trial_0009), scRAW (stable_generalist), scRAW (trial_0023), scRAW (trial_0027), scRAW (trial_0029), scRAW (trial_0060), scRAW (trial_0074), scvi, scvi+Harmony",36,Small,0.4104877578561789
Human_Pancreas_1_raw_counts,SCIB Human Pancreas 1,False,/data2/fbidet/scRAW_EXPERIMENTAL/data/Human_Pancreas_1_raw_counts.h5ad,SG_RUN_0169,/data2/fbidet/scRAW_EXPERIMENTAL/results/presentation_stable_generalist_nonbaron_20260324/scRAW_default_from_scRAW_seed60_stage_umaps_20260421/Human_Pancreas_1_raw_counts/seed_60/config/config_used.json,/data2/fbidet/scRAW_EXPERIMENTAL/results/presentation_stable_generalist_nonbaron_20260324/scRAW_default_from_scRAW_seed60_stage_umaps_20260421/Human_Pancreas_1_raw_counts/seed_60,Group,batch,1937,20125,14,"[""beta"", ""alpha"", ""delta"", ""endothelial"", ""ductal"", ""acinar"", ""quiescent_stellate"", ""gamma"", ""activated_stellate"", ""macrophage"", ""epsilon"", ""mast"", ""schwann"", ""t_cell""]",inDrop,inDrop,1,[],,{},,no explicit batch,0.0,No explicit batch,8,t_cell (2; 0.10%); schwann (5; 0.26%); mast (8; 0.41%); epsilon (13; 0.67%); macrophage (14; 0.72%); activated_stellate (51; 2.63%); gamma (70; 3.61%); quiescent_stellate (92; 4.75%),5,t_cell (2; 0.10%); schwann (5; 0.26%); mast (8; 0.41%); epsilon (13; 0.67%); macrophage (14; 0.72%),beta (872; 45.02%); alpha (236; 12.18%); delta (214; 11.05%); endothelial (130; 6.71%); ductal (120; 6.20%); acinar (110; 5.68%); quiescent_stellate (92; 4.75%); gamma (70; 3.61%); activated_stellate (51; 2.63%); macrophage (14; 0.72%); epsilon (13; 0.67%); mast (8; 0.41%); schwann (5; 0.26%); t_cell (2; 0.10%),"{""acinar"": 110, ""activated_stellate"": 51, ""alpha"": 236, ""beta"": 872, ""delta"": 214, ""ductal"": 120, ""endothelial"": 130, ""epsilon"": 13, ""gamma"": 70, ""macrophage"": 14, ""mast"": 8, ""quiescent_stellate"": 92, ""schwann"": 5, ""t_cell"": 2}","{""acinar"": 5.678885, ""activated_stellate"": 2.632938, ""alpha"": 12.183789, ""beta"": 45.018069, ""delta"": 11.048012, ""ductal"": 6.195147, ""endothelial"": 6.711409, ""epsilon"": 0.671141, ""gamma"": 3.613836, ""macrophage"": 0.722767, ""mast"": 0.41301, ""quiescent_stellate"": 4.749613, ""schwann"": 0.258131, ""t_cell"": 0.103252}",beta,872,45.018069,t_cell,2,0.103252,436.0,High,"CellSIUS, CellSIUS+Harmony, ComBat, ComBat-seq, DESC, DeepScena, DeepScena+Harmony, GiniClust, GiniClust+Harmony, Harmony, Scanorama, pca_leiden, scAIDE, scAIDE+Harmony, scCAD, scCAD+Harmony, scMAE, scMAE+Harmony, scNAME, scNAME+Harmony, scvi, scvi+Harmony","CellSIUS, CellSIUS+Harmony, ComBat, ComBat-seq, DESC, DeepScena, DeepScena+Harmony, GiniClust, GiniClust+Harmony, Harmony, Scanorama, pca_leiden, scAIDE, scAIDE+Harmony, scCAD, scCAD+Harmony, scMAE, scMAE+Harmony, scNAME, scNAME+Harmony, scRAW (best per dataset), scRAW (best trial so far), scRAW (default), scRAW (default_v2), scRAW (stable_default no DANN + Harmony), scRAW (stable_default no DANN), scRAW (trial_0009), scRAW (stable_generalist), scRAW (trial_0023), scRAW (trial_0027), scRAW (trial_0029), scRAW (trial_0060), scRAW (trial_0074), scvi, scvi+Harmony",35,Small,0.6362194852127737
Human_Pancreas_2_raw_counts,SCIB Human Pancreas 2,False,/data2/fbidet/scRAW_EXPERIMENTAL/data/Human_Pancreas_2_raw_counts.h5ad,SG_RUN_0186,/data2/fbidet/scRAW_EXPERIMENTAL/results/presentation_stable_generalist_nonbaron_20260324/scRAW_default_from_scRAW_seed60_stage_umaps_20260421/Human_Pancreas_2_raw_counts/seed_60/config/config_used.json,/data2/fbidet/scRAW_EXPERIMENTAL/results/presentation_stable_generalist_nonbaron_20260324/scRAW_default_from_scRAW_seed60_stage_umaps_20260421/Human_Pancreas_2_raw_counts/seed_60,Group,batch,1724,20125,14,"[""alpha"", ""beta"", ""ductal"", ""delta"", ""gamma"", ""activated_stellate"", ""endothelial"", ""quiescent_stellate"", ""macrophage"", ""mast"", ""schwann"", ""acinar"", ""epsilon"", ""t_cell""]",inDrop,inDrop,1,[],,{},,no explicit batch,0.0,No explicit batch,10,epsilon (2; 0.12%); t_cell (2; 0.12%); acinar (3; 0.17%); schwann (6; 0.35%); mast (9; 0.52%); macrophage (17; 0.99%); quiescent_stellate (22; 1.28%); endothelial (23; 1.33%); activated_stellate (81; 4.70%); gamma (86; 4.99%),6,epsilon (2; 0.12%); t_cell (2; 0.12%); acinar (3; 0.17%); schwann (6; 0.35%); mast (9; 0.52%); macrophage (17; 0.99%),alpha (676; 39.21%); beta (371; 21.52%); ductal (301; 17.46%); delta (125; 7.25%); gamma (86; 4.99%); activated_stellate (81; 4.70%); endothelial (23; 1.33%); quiescent_stellate (22; 1.28%); macrophage (17; 0.99%); mast (9; 0.52%); schwann (6; 0.35%); acinar (3; 0.17%); epsilon (2; 0.12%); t_cell (2; 0.12%),"{""acinar"": 3, ""activated_stellate"": 81, ""alpha"": 676, ""beta"": 371, ""delta"": 125, ""ductal"": 301, ""endothelial"": 23, ""epsilon"": 2, ""gamma"": 86, ""macrophage"": 17, ""mast"": 9, ""quiescent_stellate"": 22, ""schwann"": 6, ""t_cell"": 2}","{""acinar"": 0.174014, ""activated_stellate"": 4.698376, ""alpha"": 39.211137, ""beta"": 21.519722, ""delta"": 7.25058, ""ductal"": 17.459397, ""endothelial"": 1.334107, ""epsilon"": 0.116009, ""gamma"": 4.988399, ""macrophage"": 0.986079, ""mast"": 0.522042, ""quiescent_stellate"": 1.276102, ""schwann"": 0.348028, ""t_cell"": 0.116009}",alpha,676,39.211137,epsilon,2,0.116009,338.0,High,"CellSIUS, CellSIUS+Harmony, ComBat, ComBat-seq, DESC, DeepScena, DeepScena+Harmony, GiniClust, GiniClust+Harmony, Harmony, Scanorama, pca_leiden, scAIDE, scAIDE+Harmony, scCAD, scCAD+Harmony, scMAE, scMAE+Harmony, scNAME, scNAME+Harmony, scvi, scvi+Harmony","CellSIUS, CellSIUS+Harmony, ComBat, ComBat-seq, DESC, DeepScena, DeepScena+Harmony, GiniClust, GiniClust+Harmony, Harmony, Scanorama, pca_leiden, scAIDE, scAIDE+Harmony, scCAD, scCAD+Harmony, scMAE, scMAE+Harmony, scNAME, scNAME+Harmony, scRAW (best per dataset), scRAW (best trial so far), scRAW (default), scRAW (default_v2), scRAW (stable_default no DANN + Harmony), scRAW (stable_default no DANN), scRAW (trial_0009), scRAW (stable_generalist), scRAW (trial_0023), scRAW (trial_0027), scRAW (trial_0029), scRAW (trial_0060), scRAW (trial_0074), scvi, scvi+Harmony",35,Small,0.7007789194564137
Mouse_Pancreas_1_raw_counts,SCIB Mouse Pancreas 1,False,/data2/fbidet/scRAW_EXPERIMENTAL/data/Mouse_Pancreas_1_raw_counts.h5ad,SG_RUN_0203,/data2/fbidet/scRAW_EXPERIMENTAL/results/presentation_stable_generalist_nonbaron_20260324/scRAW_default_from_scRAW_seed60_stage_umaps_20260421/Mouse_Pancreas_1_raw_counts/seed_60/config/config_used.json,/data2/fbidet/scRAW_EXPERIMENTAL/results/presentation_stable_generalist_nonbaron_20260324/scRAW_default_from_scRAW_seed60_stage_umaps_20260421/Mouse_Pancreas_1_raw_counts/seed_60,Group,batch,822,14878,13,"[""beta"", ""ductal"", ""delta"", ""endothelial"", ""quiescent_stellate"", ""macrophage"", ""gamma"", ""alpha"", ""T_cell"", ""activated_stellate"", ""immune_other"", ""schwann"", ""B_cell""]",inDrop,inDrop,1,[],,{},,no explicit batch,0.0,No explicit batch,9,B_cell (2; 0.24%); schwann (3; 0.36%); T_cell (4; 0.49%); activated_stellate (4; 0.49%); immune_other (4; 0.49%); alpha (9; 1.09%); gamma (14; 1.70%); macrophage (17; 2.07%); quiescent_stellate (29; 3.53%),5,B_cell (2; 0.24%); schwann (3; 0.36%); T_cell (4; 0.49%); activated_stellate (4; 0.49%); immune_other (4; 0.49%),beta (343; 41.73%); ductal (236; 28.71%); delta (85; 10.34%); endothelial (72; 8.76%); quiescent_stellate (29; 3.53%); macrophage (17; 2.07%); gamma (14; 1.70%); alpha (9; 1.09%); T_cell (4; 0.49%); activated_stellate (4; 0.49%); immune_other (4; 0.49%); schwann (3; 0.36%); B_cell (2; 0.24%),"{""B_cell"": 2, ""T_cell"": 4, ""activated_stellate"": 4, ""alpha"": 9, ""beta"": 343, ""delta"": 85, ""ductal"": 236, ""endothelial"": 72, ""gamma"": 14, ""immune_other"": 4, ""macrophage"": 17, ""quiescent_stellate"": 29, ""schwann"": 3}","{""B_cell"": 0.243309, ""T_cell"": 0.486618, ""activated_stellate"": 0.486618, ""alpha"": 1.094891, ""beta"": 41.727494, ""delta"": 10.340633, ""ductal"": 28.710462, ""endothelial"": 8.759124, ""gamma"": 1.703163, ""immune_other"": 0.486618, ""macrophage"": 2.068127, ""quiescent_stellate"": 3.527981, ""schwann"": 0.364964}",beta,343,41.727494,B_cell,2,0.243309,171.5,High,"CellSIUS, CellSIUS+Harmony, ComBat, ComBat-seq, DESC, DeepScena, DeepScena+Harmony, GiniClust, GiniClust+Harmony, Harmony, Scanorama, pca_leiden, scAIDE, scAIDE+Harmony, scCAD, scCAD+Harmony, scMAE, scMAE+Harmony, scNAME, scNAME+Harmony, scvi, scvi+Harmony","CellSIUS, CellSIUS+Harmony, ComBat, ComBat-seq, DESC, DeepScena, DeepScena+Harmony, GiniClust, GiniClust+Harmony, Harmony, Scanorama, pca_leiden, scAIDE, scAIDE+Harmony, scCAD, scCAD+Harmony, scMAE, scMAE+Harmony, scNAME, scNAME+Harmony, scRAW (best per dataset), scRAW (best trial so far), scRAW (default), scRAW (default_v2), scRAW (stable_default no DANN + Harmony), scRAW (stable_default no DANN), scRAW (trial_0009), scRAW (stable_generalist), scRAW (trial_0023), scRAW (trial_0027), scRAW (trial_0029), scRAW (trial_0060), scRAW (trial_0074), scvi, scvi+Harmony",35,Small,0.7106494478757251
Tabula_Muris_liver_filtered_raw_counts,Tabula Muris liver,True,/data2/fbidet/scRAW_EXPERIMENTAL/data/Tabula_Muris_liver_filtered_raw_counts.h5ad,SG_RUN_0220,/data2/fbidet/scRAW_EXPERIMENTAL/results/presentation_stable_generalist_nonbaron_20260324/scRAW_default_from_scRAW_seed60_stage_umaps_20260421/Tabula_Muris_liver_filtered_raw_counts/seed_60/config/config_used.json,/data2/fbidet/scRAW_EXPERIMENTAL/results/presentation_stable_generalist_nonbaron_20260324/scRAW_default_from_scRAW_seed60_stage_umaps_20260421/Tabula_Muris_liver_filtered_raw_counts/seed_60,Group,batch,2859,22966,11,"[""hepatocyte"", ""endothelial cell of hepatic sinusoid"", ""Kupffer cell"", ""B cell"", ""myeloid leukocyte"", ""mature NK T cell"", ""CD8-positive, alpha-beta T cell"", ""T cell"", ""CD4-positive, alpha-beta T cell"", ""NK cell"", ""neutrophil""]",FACS / Smart-seq2,Plate / FACS / microfluidic,1,"[""single_batch""]",single_batch,"{""single_batch"": 2859}",single_batch,no explicit batch,0.0,No explicit batch,5,"neutrophil (30; 1.05%); CD4-positive, alpha-beta T cell (42; 1.47%); NK cell (42; 1.47%); T cell (45; 1.57%); CD8-positive, alpha-beta T cell (64; 2.24%)",0,none,"hepatocyte (1162; 40.64%); endothelial cell of hepatic sinusoid (617; 21.58%); Kupffer cell (262; 9.16%); B cell (210; 7.35%); myeloid leukocyte (209; 7.31%); mature NK T cell (176; 6.16%); CD8-positive, alpha-beta T cell (64; 2.24%); T cell (45; 1.57%); CD4-positive, alpha-beta T cell (42; 1.47%); NK cell (42; 1.47%); neutrophil (30; 1.05%)","{""B cell"": 210, ""CD4-positive, alpha-beta T cell"": 42, ""CD8-positive, alpha-beta T cell"": 64, ""Kupffer cell"": 262, ""NK cell"": 42, ""T cell"": 45, ""endothelial cell of hepatic sinusoid"": 617, ""hepatocyte"": 1162, ""mature NK T cell"": 176, ""myeloid leukocyte"": 209, ""neutrophil"": 30}","{""B cell"": 7.345226, ""CD4-positive, alpha-beta T cell"": 1.469045, ""CD8-positive, alpha-beta T cell"": 2.238545, ""Kupffer cell"": 9.164043, ""NK cell"": 1.469045, ""T cell"": 1.573977, ""endothelial cell of hepatic sinusoid"": 21.580972, ""hepatocyte"": 40.643582, ""mature NK T cell"": 6.155999, ""myeloid leukocyte"": 7.310248, ""neutrophil"": 1.049318}",hepatocyte,1162,40.643582,neutrophil,30,1.049318,38.73333333333333,Intermediate,"CellSIUS, CellSIUS+Harmony, ComBat, ComBat-seq, DESC, DeepScena, DeepScena+Harmony, GiniClust, GiniClust+Harmony, Harmony, Scanorama, pca_leiden, scAIDE, scAIDE+Harmony, scCAD, scCAD+Harmony, scMAE, scMAE+Harmony, scNAME, scNAME+Harmony, scvi, scvi+Harmony","CellSIUS, CellSIUS+Harmony, ComBat, ComBat-seq, DESC, DeepScena, DeepScena+Harmony, GiniClust, GiniClust+Harmony, Harmony, Scanorama, pca_leiden, scAIDE, scAIDE+Harmony, scCAD, scCAD+Harmony, scMAE, scMAE+Harmony, scNAME, scNAME+Harmony, scRAW (best per dataset), scRAW (best trial so far), scRAW (default), scRAW (default_v2), scRAW (stable_default no DANN + Harmony), scRAW (stable_default no DANN), scRAW (trial_0008), scRAW (trial_0009), scRAW (stable_generalist), scRAW (trial_0023), scRAW (trial_0027), scRAW (trial_0029), scRAW (trial_0060), scRAW (trial_0074), scvi, scvi+Harmony",36,Medium,0.5783967693726351
