source_kind,group,rank,gene
ground_truth,acinar,1,CELA3A
ground_truth,acinar,2,CTRB1
ground_truth,acinar,3,PRSS1
ground_truth,acinar,4,CELA3B
ground_truth,acinar,5,CTRB2
ground_truth,acinar,6,PLA2G1B
ground_truth,acinar,7,PRSS2
ground_truth,acinar,8,CLPS
ground_truth,acinar,9,CPA2
ground_truth,acinar,10,CTRC
ground_truth,acinar,11,CPA1
ground_truth,acinar,12,REG1A
ground_truth,acinar,13,PNLIPRP1
ground_truth,acinar,14,SPINK1
ground_truth,acinar,15,CELA2A
ground_truth,acinar,16,CPB1
ground_truth,acinar,17,SYCN
ground_truth,acinar,18,KLK1
ground_truth,acinar,19,PNLIP
ground_truth,acinar,20,PRSS3
ground_truth,acinar,21,RPL10
ground_truth,acinar,22,PNLIPRP2
ground_truth,acinar,23,REG1B
ground_truth,acinar,24,CD44
ground_truth,acinar,25,IL32
ground_truth,acinar,26,SERPINA3
ground_truth,acinar,27,GP2
ground_truth,acinar,28,MGST1
ground_truth,acinar,29,CUZD1
ground_truth,acinar,30,RNASE1
ground_truth,acinar,31,UGDH
ground_truth,acinar,32,EEF1A1
ground_truth,acinar,33,RPS2
ground_truth,acinar,34,CTRL
ground_truth,acinar,35,CELA2B
ground_truth,acinar,36,ACTG1
ground_truth,acinar,37,EEF1B2
ground_truth,acinar,38,RPL18A
ground_truth,acinar,39,ANPEP
ground_truth,acinar,40,RPL29
ground_truth,acinar,41,RPS12
ground_truth,acinar,42,RPS5
ground_truth,acinar,43,SOD2
ground_truth,acinar,44,SERPINB1
ground_truth,acinar,45,RPLP0
ground_truth,acinar,46,FOXD2
ground_truth,acinar,47,REG1P
ground_truth,acinar,48,RPSA
ground_truth,acinar,49,FTH1
ground_truth,acinar,50,RPL35
ground_truth,acinar,51,GAS5
ground_truth,acinar,52,CD24
ground_truth,acinar,53,RPL13
ground_truth,acinar,54,RPS18
ground_truth,acinar,55,EEF1D
ground_truth,acinar,56,IFITM3
ground_truth,acinar,57,RPL35A
ground_truth,acinar,58,YBX3
ground_truth,acinar,59,RPL12
ground_truth,acinar,60,RPL14
ground_truth,acinar,61,KRT18
ground_truth,acinar,62,PLTP
ground_truth,acinar,63,RPL13A
ground_truth,acinar,64,RPL8
ground_truth,acinar,65,GNB2L1
ground_truth,acinar,66,REG3G
ground_truth,acinar,67,RPL36
ground_truth,acinar,68,RPS6
ground_truth,acinar,69,GDF15
ground_truth,acinar,70,RPS9
ground_truth,acinar,71,SLC25A37
ground_truth,acinar,72,GATM
ground_truth,acinar,73,RPL36A
ground_truth,acinar,74,RPL7A
ground_truth,acinar,75,ZFP36L1
ground_truth,acinar,76,TMSB4X
ground_truth,acinar,77,TM4SF1
ground_truth,acinar,78,CEL
ground_truth,acinar,79,TKT
ground_truth,acinar,80,RPS14
ground_truth,acinar,81,RPL32
ground_truth,acinar,82,RPS19
ground_truth,acinar,83,PDIA2
ground_truth,acinar,84,ALDOB
ground_truth,acinar,85,KRT8
ground_truth,acinar,86,AKR1C3
ground_truth,acinar,87,AGTRAP
ground_truth,acinar,88,RPS8
ground_truth,acinar,89,MT2A
ground_truth,acinar,90,IMPDH2
ground_truth,acinar,91,NUPR1
ground_truth,acinar,92,RPS4Y1
ground_truth,acinar,93,RPS17
ground_truth,acinar,94,SDC4
ground_truth,acinar,95,RPL41
ground_truth,acinar,96,PABPC4
ground_truth,acinar,97,RPS16
ground_truth,acinar,98,RPS26
ground_truth,acinar,99,TUBA1C
ground_truth,acinar,100,AMY2A
ground_truth,activated_stellate,1,COL6A2
ground_truth,activated_stellate,2,COL6A1
ground_truth,activated_stellate,3,BGN
ground_truth,activated_stellate,4,MMP14
ground_truth,activated_stellate,5,COL1A1
ground_truth,activated_stellate,6,TIMP1
ground_truth,activated_stellate,7,COL6A3
ground_truth,activated_stellate,8,SPARC
ground_truth,activated_stellate,9,PDGFRB
ground_truth,activated_stellate,10,C11orf96
ground_truth,activated_stellate,11,SERPINH1
ground_truth,activated_stellate,12,COL1A2
ground_truth,activated_stellate,13,IGFBP4
ground_truth,activated_stellate,14,IGFBP7
ground_truth,activated_stellate,15,AEBP1
ground_truth,activated_stellate,16,LGALS1
ground_truth,activated_stellate,17,CALD1
ground_truth,activated_stellate,18,COL3A1
ground_truth,activated_stellate,19,MMP2
ground_truth,activated_stellate,20,FKBP10
ground_truth,activated_stellate,21,EMILIN1
ground_truth,activated_stellate,22,PXDN
ground_truth,activated_stellate,23,SFRP2
ground_truth,activated_stellate,24,CRLF1
ground_truth,activated_stellate,25,SERPINE1
ground_truth,activated_stellate,26,CYGB
ground_truth,activated_stellate,27,MYH9
ground_truth,activated_stellate,28,CEBPB
ground_truth,activated_stellate,29,INHBA
ground_truth,activated_stellate,30,VIM
ground_truth,activated_stellate,31,COL15A1
ground_truth,activated_stellate,32,NBL1
ground_truth,activated_stellate,33,COL18A1
ground_truth,activated_stellate,34,COL5A1
ground_truth,activated_stellate,35,LRP1
ground_truth,activated_stellate,36,VCAN
ground_truth,activated_stellate,37,TIMP3
ground_truth,activated_stellate,38,MFGE8
ground_truth,activated_stellate,39,FN1
ground_truth,activated_stellate,40,FLNA
ground_truth,activated_stellate,41,COL4A1
ground_truth,activated_stellate,42,PLIN2
ground_truth,activated_stellate,43,ENG
ground_truth,activated_stellate,44,THBS2
ground_truth,activated_stellate,45,FSTL1
ground_truth,activated_stellate,46,IFITM2
ground_truth,activated_stellate,47,LOXL2
ground_truth,activated_stellate,48,UNC5B
ground_truth,activated_stellate,49,FMOD
ground_truth,activated_stellate,50,IER3
ground_truth,activated_stellate,51,ITGA5
ground_truth,activated_stellate,52,PRRX1
ground_truth,activated_stellate,53,NOTCH3
ground_truth,activated_stellate,54,C1S
ground_truth,activated_stellate,55,CRISPLD2
ground_truth,activated_stellate,56,SMIM3
ground_truth,activated_stellate,57,CALU
ground_truth,activated_stellate,58,TMSB10
ground_truth,activated_stellate,59,SPON2
ground_truth,activated_stellate,60,PMEPA1
ground_truth,activated_stellate,61,SPHK1
ground_truth,activated_stellate,62,RUNX1
ground_truth,activated_stellate,63,ACTN1
ground_truth,activated_stellate,64,CRTAP
ground_truth,activated_stellate,65,COL5A2
ground_truth,activated_stellate,66,SERPING1
ground_truth,activated_stellate,67,COL5A3
ground_truth,activated_stellate,68,TPM2
ground_truth,activated_stellate,69,ITGB1
ground_truth,activated_stellate,70,EVA1B
ground_truth,activated_stellate,71,IFITM3
ground_truth,activated_stellate,72,AP2M1
ground_truth,activated_stellate,73,BASP1
ground_truth,activated_stellate,74,TBX3
ground_truth,activated_stellate,75,VSTM4
ground_truth,activated_stellate,76,CTHRC1
ground_truth,activated_stellate,77,LAMC3
ground_truth,activated_stellate,78,LIMS1
ground_truth,activated_stellate,79,IL11
ground_truth,activated_stellate,80,SELM
ground_truth,activated_stellate,81,DDR2
ground_truth,activated_stellate,82,ADAMTS12
ground_truth,activated_stellate,83,MPZL1
ground_truth,activated_stellate,84,SNX9
ground_truth,activated_stellate,85,IFITM1
ground_truth,activated_stellate,86,DCN
ground_truth,activated_stellate,87,RAB34
ground_truth,activated_stellate,88,CTSC
ground_truth,activated_stellate,89,CKAP4
ground_truth,activated_stellate,90,LAMC1
ground_truth,activated_stellate,91,TGFB3
ground_truth,activated_stellate,92,KLF9
ground_truth,activated_stellate,93,EMP1
ground_truth,activated_stellate,94,CYP1B1
ground_truth,activated_stellate,95,ITGA1
ground_truth,activated_stellate,96,IGFBP5
ground_truth,activated_stellate,97,TGFBI
ground_truth,activated_stellate,98,LTBP1
ground_truth,activated_stellate,99,LIF
ground_truth,activated_stellate,100,PLAT
ground_truth,alpha,1,TTR
ground_truth,alpha,2,GCG
ground_truth,alpha,3,CLU
ground_truth,alpha,4,TMEM176B
ground_truth,alpha,5,GPX3
ground_truth,alpha,6,GC
ground_truth,alpha,7,PCSK2
ground_truth,alpha,8,TMEM176A
ground_truth,alpha,9,IRX2
ground_truth,alpha,10,VGF
ground_truth,alpha,11,CD99
ground_truth,alpha,12,TM4SF4
ground_truth,alpha,13,RNASEK
ground_truth,alpha,14,ALDH1A1
ground_truth,alpha,15,SLC7A2
ground_truth,alpha,16,SCG5
ground_truth,alpha,17,CYSTM1
ground_truth,alpha,18,CST3
ground_truth,alpha,19,CHGA
ground_truth,alpha,20,SPINT2
ground_truth,alpha,21,RGS4
ground_truth,alpha,22,PCSK1N
ground_truth,alpha,23,CHGB
ground_truth,alpha,24,MUC13
ground_truth,alpha,25,EMC10
ground_truth,alpha,26,HLA-A
ground_truth,alpha,27,PLD3
ground_truth,alpha,28,F10
ground_truth,alpha,29,FEV
ground_truth,alpha,30,FXYD5
ground_truth,alpha,31,GLS
ground_truth,alpha,32,B2M
ground_truth,alpha,33,ATP5E
ground_truth,alpha,34,PDK4
ground_truth,alpha,35,SERPINA1
ground_truth,alpha,36,SLC22A17
ground_truth,alpha,37,BSG
ground_truth,alpha,38,IGFBP2
ground_truth,alpha,39,MALAT1
ground_truth,alpha,40,SMOC1
ground_truth,alpha,41,PALLD
ground_truth,alpha,42,KIAA1324
ground_truth,alpha,43,SCG2
ground_truth,alpha,44,PEMT
ground_truth,alpha,45,SMIM24
ground_truth,alpha,46,COX8A
ground_truth,alpha,47,NENF
ground_truth,alpha,48,CD63
ground_truth,alpha,49,PAPPA2
ground_truth,alpha,50,CRYBA2
ground_truth,alpha,51,HLA-E
ground_truth,alpha,52,SEZ6L2
ground_truth,alpha,53,COTL1
ground_truth,alpha,54,VSTM2L
ground_truth,alpha,55,KCTD12
ground_truth,alpha,56,CALY
ground_truth,alpha,57,NUCB1
ground_truth,alpha,58,MAFB
ground_truth,alpha,59,CTSZ
ground_truth,alpha,60,FXYD3
ground_truth,alpha,61,ARX
ground_truth,alpha,62,ELL2
ground_truth,alpha,63,ERP29
ground_truth,alpha,64,LRPAP1
ground_truth,alpha,65,GNG4
ground_truth,alpha,66,CAMK2G
ground_truth,alpha,67,IDS
ground_truth,alpha,68,C2CD4B
ground_truth,alpha,69,CD82
ground_truth,alpha,70,LOXL4
ground_truth,alpha,71,TUSC3
ground_truth,alpha,72,PTP4A3
ground_truth,alpha,73,APLP1
ground_truth,alpha,74,RHBDD2
ground_truth,alpha,75,FXYD6
ground_truth,alpha,76,RHOB
ground_truth,alpha,77,SSR4
ground_truth,alpha,78,CBX6
ground_truth,alpha,79,NAA20
ground_truth,alpha,80,PAM
ground_truth,alpha,81,HIGD1A
ground_truth,alpha,82,QDPR
ground_truth,alpha,83,MYL6
ground_truth,alpha,84,H1FX
ground_truth,alpha,85,UBB
ground_truth,alpha,86,PTPRN
ground_truth,alpha,87,CDK5R2
ground_truth,alpha,88,HINT1
ground_truth,alpha,89,GRN
ground_truth,alpha,90,CPLX2
ground_truth,alpha,91,RAB3B
ground_truth,alpha,92,ZFP36
ground_truth,alpha,93,PTPRN2
ground_truth,alpha,94,OAZ1
ground_truth,alpha,95,PAX6
ground_truth,alpha,96,ITM2B
ground_truth,alpha,97,PLIN3
ground_truth,alpha,98,FABP5
ground_truth,alpha,99,SLC29A4
ground_truth,alpha,100,NPC2
ground_truth,beta,1,INS
ground_truth,beta,2,IAPP
ground_truth,beta,3,HADH
ground_truth,beta,4,ADCYAP1
ground_truth,beta,5,PCSK1
ground_truth,beta,6,UCHL1
ground_truth,beta,7,IGF2
ground_truth,beta,8,RPL3
ground_truth,beta,9,GNAS
ground_truth,beta,10,GAD2
ground_truth,beta,11,ERO1B
ground_truth,beta,12,CPE
ground_truth,beta,13,EEF1A2
ground_truth,beta,14,C1QL1
ground_truth,beta,15,SCGN
ground_truth,beta,16,PEMT
ground_truth,beta,17,DLK1
ground_truth,beta,18,ABCC8
ground_truth,beta,19,PPP1R1A
ground_truth,beta,20,PAPSS2
ground_truth,beta,21,STX1A
ground_truth,beta,22,GSN
ground_truth,beta,23,MAFA
ground_truth,beta,24,CDKN1C
ground_truth,beta,25,NLRP1
ground_truth,beta,26,SLC30A8
ground_truth,beta,27,G6PC2
ground_truth,beta,28,TMOD1
ground_truth,beta,29,MEG3
ground_truth,beta,30,RASD1
ground_truth,beta,31,NKX6-1
ground_truth,beta,32,ELMO1
ground_truth,beta,33,TIMP2
ground_truth,beta,34,DNAJC12
ground_truth,beta,35,HOPX
ground_truth,beta,36,TSC22D1
ground_truth,beta,37,SLC6A6
ground_truth,beta,38,NPTX2
ground_truth,beta,39,PTPRN
ground_truth,beta,40,EIF4A2
ground_truth,beta,41,SORL1
ground_truth,beta,42,PAM
ground_truth,beta,43,SYT7
ground_truth,beta,44,PDX1
ground_truth,beta,45,PLCXD3
ground_truth,beta,46,CADM1
ground_truth,beta,47,FXYD2
ground_truth,beta,48,SYT13
ground_truth,beta,49,MXRA7
ground_truth,beta,50,TSPAN13
ground_truth,beta,51,RPL24
ground_truth,beta,52,PEBP1
ground_truth,beta,53,PAX6
ground_truth,beta,54,SURF4
ground_truth,beta,55,SCG3
ground_truth,beta,56,RPS4X
ground_truth,beta,57,SEC11C
ground_truth,beta,58,TTC3
ground_truth,beta,59,TSPAN1
ground_truth,beta,60,RBP4
ground_truth,beta,61,PARM1
ground_truth,beta,62,TOMM7
ground_truth,beta,63,MSI2
ground_truth,beta,64,SNRPN
ground_truth,beta,65,PFN2
ground_truth,beta,66,CHGA
ground_truth,beta,67,C1orf127
ground_truth,beta,68,INSM1
ground_truth,beta,69,TPD52
ground_truth,beta,70,HSP90B1
ground_truth,beta,71,DNAJB9
ground_truth,beta,72,SCG2
ground_truth,beta,73,C2CD4A
ground_truth,beta,74,GAPDH
ground_truth,beta,75,NEUROD1
ground_truth,beta,76,FBXO7
ground_truth,beta,77,VEGFA
ground_truth,beta,78,SLC2A13
ground_truth,beta,79,ENDOD1
ground_truth,beta,80,RAB3B
ground_truth,beta,81,YWHAQ
ground_truth,beta,82,WLS
ground_truth,beta,83,UCN3
ground_truth,beta,84,VAT1L
ground_truth,beta,85,PCP4
ground_truth,beta,86,RGS16
ground_truth,beta,87,RPL17
ground_truth,beta,88,SCD
ground_truth,beta,89,SYNGR4
ground_truth,beta,90,ATP6V1G1
ground_truth,beta,91,PFKFB2
ground_truth,beta,92,NUCB2
ground_truth,beta,93,CPD
ground_truth,beta,94,DHRS2
ground_truth,beta,95,PARVB
ground_truth,beta,96,BEX1
ground_truth,beta,97,TMED3
ground_truth,beta,98,GNG4
ground_truth,beta,99,VAMP2
ground_truth,beta,100,MYO1D
ground_truth,delta,1,SST
ground_truth,delta,2,RBP4
ground_truth,delta,3,SEC11C
ground_truth,delta,4,NLRP1
ground_truth,delta,5,PCSK1
ground_truth,delta,6,LEPR
ground_truth,delta,7,PCP4
ground_truth,delta,8,DHRS2
ground_truth,delta,9,AQP3
ground_truth,delta,10,IDS
ground_truth,delta,11,CHGB
ground_truth,delta,12,RGS2
ground_truth,delta,13,MAP1B
ground_truth,delta,14,BEX1
ground_truth,delta,15,ARFGEF3
ground_truth,delta,16,LY6H
ground_truth,delta,17,GCH1
ground_truth,delta,18,SERPINA1
ground_truth,delta,19,GABRB3
ground_truth,delta,20,BAIAP3
ground_truth,delta,21,QDPR
ground_truth,delta,22,MIR7-3HG
ground_truth,delta,23,DPYSL3
ground_truth,delta,24,GPX3
ground_truth,delta,25,UCHL1
ground_truth,delta,26,CPE
ground_truth,delta,27,HHEX
ground_truth,delta,28,SORL1
ground_truth,delta,29,CADM1
ground_truth,delta,30,ISL1
ground_truth,delta,31,EDN3
ground_truth,delta,32,MDK
ground_truth,delta,33,PDLIM4
ground_truth,delta,34,PARVB
ground_truth,delta,35,PTPRN
ground_truth,delta,36,SNAP25
ground_truth,delta,37,PEG10
ground_truth,delta,38,PAPPA2
ground_truth,delta,39,SVIP
ground_truth,delta,40,SMOC1
ground_truth,delta,41,PKIB
ground_truth,delta,42,UCP2
ground_truth,delta,43,PAK3
ground_truth,delta,44,TMOD1
ground_truth,delta,45,FXYD6
ground_truth,delta,46,PCSK1N
ground_truth,delta,47,GAD2
ground_truth,delta,48,UNC5B
ground_truth,delta,49,PLD3
ground_truth,delta,50,TPD52
ground_truth,delta,51,SCGN
ground_truth,delta,52,VWA5A
ground_truth,delta,53,SARAF
ground_truth,delta,54,EGR1
ground_truth,delta,55,SYT4
ground_truth,delta,56,INSM1
ground_truth,delta,57,SSTR1
ground_truth,delta,58,PSIP1
ground_truth,delta,59,MEST
ground_truth,delta,60,FGF14
ground_truth,delta,61,SLC7A5
ground_truth,delta,62,ITM2C
ground_truth,delta,63,CBLN4
ground_truth,delta,64,PRKACB
ground_truth,delta,65,DIRAS3
ground_truth,delta,66,CALY
ground_truth,delta,67,AHI1
ground_truth,delta,68,BMP5
ground_truth,delta,69,SLC22A17
ground_truth,delta,70,NUDT4
ground_truth,delta,71,BCHE
ground_truth,delta,72,CELF4
ground_truth,delta,73,CNIH2
ground_truth,delta,74,EMC10
ground_truth,delta,75,CDK5R2
ground_truth,delta,76,PON3
ground_truth,delta,77,FANCF
ground_truth,delta,78,CAMK2B
ground_truth,delta,79,GNAS
ground_truth,delta,80,PSD
ground_truth,delta,81,FAM102A
ground_truth,delta,82,TMED6
ground_truth,delta,83,TUSC3
ground_truth,delta,84,RGS9
ground_truth,delta,85,PCSK2
ground_truth,delta,86,MTUS1
ground_truth,delta,87,CD9
ground_truth,delta,88,HPN
ground_truth,delta,89,SMIM6
ground_truth,delta,90,IFI27L2
ground_truth,delta,91,EPHX2
ground_truth,delta,92,KRT10
ground_truth,delta,93,NGFRAP1
ground_truth,delta,94,QPCT
ground_truth,delta,95,TUBA1A
ground_truth,delta,96,PLEKHB1
ground_truth,delta,97,TTC3
ground_truth,delta,98,S100A6
ground_truth,delta,99,ECEL1
ground_truth,delta,100,PRSS23
ground_truth,ductal,1,TACSTD2
ground_truth,ductal,2,KRT7
ground_truth,ductal,3,KRT19
ground_truth,ductal,4,S100A11
ground_truth,ductal,5,TMSB4X
ground_truth,ductal,6,CD24
ground_truth,ductal,7,SDC4
ground_truth,ductal,8,ANXA2
ground_truth,ductal,9,KRT18
ground_truth,ductal,10,SERINC2
ground_truth,ductal,11,PMEPA1
ground_truth,ductal,12,TMSB10
ground_truth,ductal,13,PRSS8
ground_truth,ductal,14,ZFP36L1
ground_truth,ductal,15,LCN2
ground_truth,ductal,16,KRT8
ground_truth,ductal,17,TPM1
ground_truth,ductal,18,CFB
ground_truth,ductal,19,TM4SF1
ground_truth,ductal,20,CDC42EP1
ground_truth,ductal,21,SOX4
ground_truth,ductal,22,CLDN4
ground_truth,ductal,23,S100A10
ground_truth,ductal,24,ANXA4
ground_truth,ductal,25,SAT1
ground_truth,ductal,26,ELF3
ground_truth,ductal,27,ACTN4
ground_truth,ductal,28,HLA-B
ground_truth,ductal,29,IFITM3
ground_truth,ductal,30,RHOC
ground_truth,ductal,31,SERPING1
ground_truth,ductal,32,TAGLN2
ground_truth,ductal,33,LITAF
ground_truth,ductal,34,GSTP1
ground_truth,ductal,35,BACE2
ground_truth,ductal,36,C3
ground_truth,ductal,37,JUP
ground_truth,ductal,38,KLF6
ground_truth,ductal,39,FLNA
ground_truth,ductal,40,SPINT1
ground_truth,ductal,41,TSPO
ground_truth,ductal,42,CD44
ground_truth,ductal,43,IL32
ground_truth,ductal,44,TINAGL1
ground_truth,ductal,45,S100A6
ground_truth,ductal,46,LAD1
ground_truth,ductal,47,CLDN1
ground_truth,ductal,48,ITGB1
ground_truth,ductal,49,MYL12B
ground_truth,ductal,50,CDH1
ground_truth,ductal,51,TNFRSF12A
ground_truth,ductal,52,S100A14
ground_truth,ductal,53,SERPINA3
ground_truth,ductal,54,PDZK1IP1
ground_truth,ductal,55,SPTBN1
ground_truth,ductal,56,KIAA1522
ground_truth,ductal,57,IER3
ground_truth,ductal,58,ST14
ground_truth,ductal,59,MMP7
ground_truth,ductal,60,CD59
ground_truth,ductal,61,SMAD3
ground_truth,ductal,62,MYH9
ground_truth,ductal,63,CYR61
ground_truth,ductal,64,LGALS3
ground_truth,ductal,65,MYL12A
ground_truth,ductal,66,PPAP2C
ground_truth,ductal,67,PFKFB3
ground_truth,ductal,68,S100A16
ground_truth,ductal,69,IFITM2
ground_truth,ductal,70,LAMB3
ground_truth,ductal,71,RBPMS
ground_truth,ductal,72,CTSD
ground_truth,ductal,73,HLA-C
ground_truth,ductal,74,TMBIM1
ground_truth,ductal,75,C8orf4
ground_truth,ductal,76,AGRN
ground_truth,ductal,77,DDIT4
ground_truth,ductal,78,YBX3
ground_truth,ductal,79,LGALS4
ground_truth,ductal,80,ITGA3
ground_truth,ductal,81,SLC4A4
ground_truth,ductal,82,DUSP1
ground_truth,ductal,83,ATP1A1
ground_truth,ductal,84,TSPAN15
ground_truth,ductal,85,LAMC2
ground_truth,ductal,86,IER2
ground_truth,ductal,87,ACTB
ground_truth,ductal,88,ERGIC1
ground_truth,ductal,89,MARCKSL1
ground_truth,ductal,90,RAC1
ground_truth,ductal,91,HMGA1
ground_truth,ductal,92,HSPB1
ground_truth,ductal,93,GDF15
ground_truth,ductal,94,ATF3
ground_truth,ductal,95,SERPINA5
ground_truth,ductal,96,CCL2
ground_truth,ductal,97,MALL
ground_truth,ductal,98,CLDN7
ground_truth,ductal,99,TNIP1
ground_truth,ductal,100,SOD2
ground_truth,endothelial,1,PLVAP
ground_truth,endothelial,2,ENG
ground_truth,endothelial,3,PECAM1
ground_truth,endothelial,4,FKBP1A
ground_truth,endothelial,5,CD93
ground_truth,endothelial,6,PODXL
ground_truth,endothelial,7,PXDN
ground_truth,endothelial,8,RGCC
ground_truth,endothelial,9,ACVRL1
ground_truth,endothelial,10,SPARC
ground_truth,endothelial,11,FLT1
ground_truth,endothelial,12,HSPG2
ground_truth,endothelial,13,STC1
ground_truth,endothelial,14,TCF4
ground_truth,endothelial,15,ESAM
ground_truth,endothelial,16,ETS1
ground_truth,endothelial,17,COL4A1
ground_truth,endothelial,18,ITGA5
ground_truth,endothelial,19,EGFL7
ground_truth,endothelial,20,TMSB10
ground_truth,endothelial,21,PTMA
ground_truth,endothelial,22,SOX18
ground_truth,endothelial,23,PPAP2B
ground_truth,endothelial,24,KDR
ground_truth,endothelial,25,PCAT19
ground_truth,endothelial,26,SERPINE1
ground_truth,endothelial,27,IGFBP4
ground_truth,endothelial,28,GNAI2
ground_truth,endothelial,29,IGFBP7
ground_truth,endothelial,30,IFITM2
ground_truth,endothelial,31,PNP
ground_truth,endothelial,32,APP
ground_truth,endothelial,33,IFITM3
ground_truth,endothelial,34,CLIC4
ground_truth,endothelial,35,TIE1
ground_truth,endothelial,36,CYP1A1
ground_truth,endothelial,37,HLA-B
ground_truth,endothelial,38,ROBO4
ground_truth,endothelial,39,CXCR4
ground_truth,endothelial,40,MSN
ground_truth,endothelial,41,EMP1
ground_truth,endothelial,42,ESM1
ground_truth,endothelial,43,GPX1
ground_truth,endothelial,44,ADAMTS4
ground_truth,endothelial,45,ID3
ground_truth,endothelial,46,HTRA1
ground_truth,endothelial,47,CD81
ground_truth,endothelial,48,CD9
ground_truth,endothelial,49,LGALS1
ground_truth,endothelial,50,PRSS23
ground_truth,endothelial,51,COL18A1
ground_truth,endothelial,52,SOCS3
ground_truth,endothelial,53,PASK
ground_truth,endothelial,54,HLA-C
ground_truth,endothelial,55,FABP5
ground_truth,endothelial,56,TP53I11
ground_truth,endothelial,57,ADGRL4
ground_truth,endothelial,58,VWF
ground_truth,endothelial,59,SPTBN1
ground_truth,endothelial,60,B2M
ground_truth,endothelial,61,VIM
ground_truth,endothelial,62,IFI27
ground_truth,endothelial,63,ADGRF5
ground_truth,endothelial,64,FSCN1
ground_truth,endothelial,65,PLEKHO1
ground_truth,endothelial,66,SEMA3F
ground_truth,endothelial,67,ANGPTL2
ground_truth,endothelial,68,CCDC85B
ground_truth,endothelial,69,S1PR1
ground_truth,endothelial,70,MARCKSL1
ground_truth,endothelial,71,MCAM
ground_truth,endothelial,72,FAM43A
ground_truth,endothelial,73,ECSCR
ground_truth,endothelial,74,WWTR1
ground_truth,endothelial,75,CD59
ground_truth,endothelial,76,CLDN5
ground_truth,endothelial,77,NRP2
ground_truth,endothelial,78,YES1
ground_truth,endothelial,79,HMGB1
ground_truth,endothelial,80,SLC9A3R2
ground_truth,endothelial,81,LAMA4
ground_truth,endothelial,82,ANGPT2
ground_truth,endothelial,83,SERPINH1
ground_truth,endothelial,84,INSR
ground_truth,endothelial,85,TMEM173
ground_truth,endothelial,86,IFITM1
ground_truth,endothelial,87,ZFP36L2
ground_truth,endothelial,88,RAI14
ground_truth,endothelial,89,PTRF
ground_truth,endothelial,90,CRIP2
ground_truth,endothelial,91,STOM
ground_truth,endothelial,92,NOTCH4
ground_truth,endothelial,93,ERG
ground_truth,endothelial,94,THBS1
ground_truth,endothelial,95,VWA1
ground_truth,endothelial,96,TM4SF1
ground_truth,endothelial,97,NOTCH1
ground_truth,endothelial,98,POMP
ground_truth,endothelial,99,EPAS1
ground_truth,endothelial,100,DYSF
ground_truth,epsilon,1,GHRL
ground_truth,epsilon,2,ACSL1
ground_truth,epsilon,3,CLU
ground_truth,epsilon,4,FRZB
ground_truth,epsilon,5,SPTSSB
ground_truth,epsilon,6,FGF14
ground_truth,epsilon,7,VSTM2L
ground_truth,epsilon,8,NNMT
ground_truth,epsilon,9,TM4SF4
ground_truth,epsilon,10,S100A6
ground_truth,epsilon,11,ITM2C
ground_truth,epsilon,12,SEZ6L
ground_truth,epsilon,13,CALY
ground_truth,epsilon,14,EMC10
ground_truth,epsilon,15,PLAC8
ground_truth,epsilon,16,FOXA2
ground_truth,epsilon,17,NGFRAP1
ground_truth,epsilon,18,HEPACAM2
ground_truth,epsilon,19,APLP1
ground_truth,epsilon,20,LY6H
ground_truth,epsilon,21,SERPINA1
ground_truth,epsilon,22,SMOC1
ground_truth,epsilon,23,SST
ground_truth,epsilon,24,PCSK1N
ground_truth,epsilon,25,SPINK1
ground_truth,epsilon,26,PODXL2
ground_truth,epsilon,27,TRNP1
ground_truth,epsilon,28,TMEM59
ground_truth,epsilon,29,ATP6AP1
ground_truth,epsilon,30,TSTD1
ground_truth,epsilon,31,NEURL1
ground_truth,epsilon,32,MDFIC
ground_truth,epsilon,33,FXYD3
ground_truth,epsilon,34,NENF
ground_truth,epsilon,35,TFF3
ground_truth,epsilon,36,CAMK2N1
ground_truth,epsilon,37,ARX
ground_truth,epsilon,38,ZKSCAN1
ground_truth,epsilon,39,MARK2
ground_truth,epsilon,40,SNRPN
ground_truth,epsilon,41,TMEM176A
ground_truth,epsilon,42,MS4A8
ground_truth,epsilon,43,APOH
ground_truth,epsilon,44,P4HTM
ground_truth,epsilon,45,SOX9
ground_truth,epsilon,46,PDIA3
ground_truth,epsilon,47,ARFGEF3
ground_truth,epsilon,48,IDS
ground_truth,epsilon,49,TMEM176B
ground_truth,epsilon,50,MGAT4A
ground_truth,epsilon,51,CALM1
ground_truth,epsilon,52,PCSK1
ground_truth,epsilon,53,SPATS2L
ground_truth,epsilon,54,QDPR
ground_truth,epsilon,55,NRD1
ground_truth,epsilon,56,HES4
ground_truth,epsilon,57,AES
ground_truth,epsilon,58,TM4SF5
ground_truth,epsilon,59,PFN2
ground_truth,epsilon,60,PTOV1
ground_truth,epsilon,61,EPCAM
ground_truth,epsilon,62,PARK7
ground_truth,epsilon,63,APBB1
ground_truth,epsilon,64,PLXNB1
ground_truth,epsilon,65,DPYSL2
ground_truth,epsilon,66,RBP1
ground_truth,epsilon,67,PDE8B
ground_truth,epsilon,68,KIAA1147
ground_truth,epsilon,69,SERPINE2
ground_truth,epsilon,70,GABARAPL1
ground_truth,epsilon,71,EGR1
ground_truth,epsilon,72,LGALS3BP
ground_truth,epsilon,73,AQP3
ground_truth,epsilon,74,KCTD12
ground_truth,epsilon,75,VDAC1
ground_truth,epsilon,76,SAMD5
ground_truth,epsilon,77,ASAH1
ground_truth,epsilon,78,CDKN2A
ground_truth,epsilon,79,POU5F2
ground_truth,epsilon,80,AP2B1
ground_truth,epsilon,81,BEX1
ground_truth,epsilon,82,HMGN2
ground_truth,epsilon,83,NPHP4
ground_truth,epsilon,84,DYNLL1
ground_truth,epsilon,85,PDCD6
ground_truth,epsilon,86,NOVA1
ground_truth,epsilon,87,UBL5
ground_truth,epsilon,88,GUSB
ground_truth,epsilon,89,PEG10
ground_truth,epsilon,90,MDK
ground_truth,epsilon,91,SERPINB6
ground_truth,epsilon,92,VTN
ground_truth,epsilon,93,CAPZB
ground_truth,epsilon,94,PTP4A1
ground_truth,epsilon,95,PTTG1IP
ground_truth,epsilon,96,STUB1
ground_truth,epsilon,97,VAT1
ground_truth,epsilon,98,SCARB2
ground_truth,epsilon,99,METTL5
ground_truth,epsilon,100,BACE1
ground_truth,gamma,1,PPY
ground_truth,gamma,2,PCSK1N
ground_truth,gamma,3,AQP3
ground_truth,gamma,4,PAX6
ground_truth,gamma,5,FXYD2
ground_truth,gamma,6,STMN2
ground_truth,gamma,7,CHGB
ground_truth,gamma,8,SCG2
ground_truth,gamma,9,TM4SF4
ground_truth,gamma,10,MEIS2
ground_truth,gamma,11,MALAT1
ground_truth,gamma,12,PEG10
ground_truth,gamma,13,NBL1
ground_truth,gamma,14,CLU
ground_truth,gamma,15,ID2
ground_truth,gamma,16,NPDC1
ground_truth,gamma,17,TMOD1
ground_truth,gamma,18,EGR1
ground_truth,gamma,19,AES
ground_truth,gamma,20,PTP4A3
ground_truth,gamma,21,DPYSL3
ground_truth,gamma,22,ALDH1A1
ground_truth,gamma,23,PTPRN
ground_truth,gamma,24,PAM
ground_truth,gamma,25,FGFR1
ground_truth,gamma,26,ARX
ground_truth,gamma,27,BTG2
ground_truth,gamma,28,TMEM176B
ground_truth,gamma,29,DDR1
ground_truth,gamma,30,CARD11
ground_truth,gamma,31,PLXNB2
ground_truth,gamma,32,TMEM176A
ground_truth,gamma,33,GABARAP
ground_truth,gamma,34,VAMP2
ground_truth,gamma,35,FXYD6
ground_truth,gamma,36,ISL1
ground_truth,gamma,37,ETV1
ground_truth,gamma,38,ID1
ground_truth,gamma,39,CAMK2N1
ground_truth,gamma,40,BEX1
ground_truth,gamma,41,PLEKHB1
ground_truth,gamma,42,NEURL1
ground_truth,gamma,43,IDS
ground_truth,gamma,44,SCG5
ground_truth,gamma,45,ITM2C
ground_truth,gamma,46,LGALS3BP
ground_truth,gamma,47,CRIP2
ground_truth,gamma,48,HMGN2
ground_truth,gamma,49,SMPD1
ground_truth,gamma,50,C16orf45
ground_truth,gamma,51,KIAA1324
ground_truth,gamma,52,EMC10
ground_truth,gamma,53,GCNT3
ground_truth,gamma,54,ENTPD2
ground_truth,gamma,55,PCSK2
ground_truth,gamma,56,ATP6AP1
ground_truth,gamma,57,SERTM1
ground_truth,gamma,58,FURIN
ground_truth,gamma,59,SEC11C
ground_truth,gamma,60,FOS
ground_truth,gamma,61,MAGED1
ground_truth,gamma,62,QDPR
ground_truth,gamma,63,SLC6A4
ground_truth,gamma,64,MAP1B
ground_truth,gamma,65,ANXA6
ground_truth,gamma,66,RAP1GAP
ground_truth,gamma,67,CALY
ground_truth,gamma,68,POU5F2
ground_truth,gamma,69,CIRBP
ground_truth,gamma,70,ID4
ground_truth,gamma,71,CHRM3
ground_truth,gamma,72,PLD3
ground_truth,gamma,73,PPY2P
ground_truth,gamma,74,MAPK8IP2
ground_truth,gamma,75,APLP1
ground_truth,gamma,76,FEV
ground_truth,gamma,77,SNRPN
ground_truth,gamma,78,NEUROD1
ground_truth,gamma,79,TSPAN7
ground_truth,gamma,80,KCNH2
ground_truth,gamma,81,UCN3
ground_truth,gamma,82,VWA1
ground_truth,gamma,83,FABP5
ground_truth,gamma,84,SCGB2A1
ground_truth,gamma,85,CARTPT
ground_truth,gamma,86,UCHL1
ground_truth,gamma,87,PRSS23
ground_truth,gamma,88,CACNA1A
ground_truth,gamma,89,NGFRAP1
ground_truth,gamma,90,PNISR
ground_truth,gamma,91,SLC43A2
ground_truth,gamma,92,PTPRN2
ground_truth,gamma,93,KCNG1
ground_truth,gamma,94,MXRA7
ground_truth,gamma,95,NENF
ground_truth,gamma,96,BSG
ground_truth,gamma,97,PODXL2
ground_truth,gamma,98,TTR
ground_truth,gamma,99,H1FX
ground_truth,gamma,100,SCG3
ground_truth,macrophage,1,TYROBP
ground_truth,macrophage,2,CD68
ground_truth,macrophage,3,GPX1
ground_truth,macrophage,4,CD74
ground_truth,macrophage,5,LAPTM5
ground_truth,macrophage,6,CTSB
ground_truth,macrophage,7,SPI1
ground_truth,macrophage,8,ACP5
ground_truth,macrophage,9,HLA-DRA
ground_truth,macrophage,10,CTSD
ground_truth,macrophage,11,FTL
ground_truth,macrophage,12,SRGN
ground_truth,macrophage,13,GRN
ground_truth,macrophage,14,MMP14
ground_truth,macrophage,15,FCER1G
ground_truth,macrophage,16,NPC2
ground_truth,macrophage,17,PSAP
ground_truth,macrophage,18,SDS
ground_truth,macrophage,19,TMSB4X
ground_truth,macrophage,20,ITGB2
ground_truth,macrophage,21,CTSS
ground_truth,macrophage,22,FTH1
ground_truth,macrophage,23,LCP1
ground_truth,macrophage,24,HLA-DRB1
ground_truth,macrophage,25,CAPG
ground_truth,macrophage,26,C1QC
ground_truth,macrophage,27,HMOX1
ground_truth,macrophage,28,LSP1
ground_truth,macrophage,29,NINJ1
ground_truth,macrophage,30,TGFBI
ground_truth,macrophage,31,GRINA
ground_truth,macrophage,32,FCGRT
ground_truth,macrophage,33,CEBPB
ground_truth,macrophage,34,GM2A
ground_truth,macrophage,35,CD53
ground_truth,macrophage,36,HLA-DPA1
ground_truth,macrophage,37,SLC16A3
ground_truth,macrophage,38,LYZ
ground_truth,macrophage,39,TNFRSF1B
ground_truth,macrophage,40,APOE
ground_truth,macrophage,41,ARPC1B
ground_truth,macrophage,42,HLA-DQB1
ground_truth,macrophage,43,GPNMB
ground_truth,macrophage,44,PGD
ground_truth,macrophage,45,ALOX5AP
ground_truth,macrophage,46,SLC15A3
ground_truth,macrophage,47,SEMA6B
ground_truth,macrophage,48,PLIN2
ground_truth,macrophage,49,CXCL16
ground_truth,macrophage,50,CTSL
ground_truth,macrophage,51,GRB2
ground_truth,macrophage,52,PFN1
ground_truth,macrophage,53,C1QB
ground_truth,macrophage,54,PMP22
ground_truth,macrophage,55,HLA-DMB
ground_truth,macrophage,56,FAM20C
ground_truth,macrophage,57,ENG
ground_truth,macrophage,58,UCP2
ground_truth,macrophage,59,MGAT1
ground_truth,macrophage,60,CSF1R
ground_truth,macrophage,61,SIRPA
ground_truth,macrophage,62,ARL4C
ground_truth,macrophage,63,BRI3
ground_truth,macrophage,64,TTYH3
ground_truth,macrophage,65,OGFRL1
ground_truth,macrophage,66,CTSZ
ground_truth,macrophage,67,CTSA
ground_truth,macrophage,68,LGMN
ground_truth,macrophage,69,RGS1
ground_truth,macrophage,70,ACTB
ground_truth,macrophage,71,ARPC2
ground_truth,macrophage,72,ARRB2
ground_truth,macrophage,73,SAT1
ground_truth,macrophage,74,PLD3
ground_truth,macrophage,75,HLA-DPB1
ground_truth,macrophage,76,HCK
ground_truth,macrophage,77,TYMP
ground_truth,macrophage,78,CD300A
ground_truth,macrophage,79,ASAH1
ground_truth,macrophage,80,ATP6V1F
ground_truth,macrophage,81,C1QA
ground_truth,macrophage,82,APLP2
ground_truth,macrophage,83,SAMHD1
ground_truth,macrophage,84,TBXAS1
ground_truth,macrophage,85,RAB31
ground_truth,macrophage,86,BST2
ground_truth,macrophage,87,BASP1
ground_truth,macrophage,88,LGALS3
ground_truth,macrophage,89,SLC7A7
ground_truth,macrophage,90,PKM
ground_truth,macrophage,91,HLA-DMA
ground_truth,macrophage,92,PTPN6
ground_truth,macrophage,93,FGL2
ground_truth,macrophage,94,CTSH
ground_truth,macrophage,95,CYP27A1
ground_truth,macrophage,96,FLNA
ground_truth,macrophage,97,RUNX3
ground_truth,macrophage,98,CREG1
ground_truth,macrophage,99,COTL1
ground_truth,macrophage,100,OAZ1
ground_truth,mast,1,TPSB2
ground_truth,mast,2,TPSAB1
ground_truth,mast,3,LAPTM5
ground_truth,mast,4,SRGN
ground_truth,mast,5,GATA2
ground_truth,mast,6,VIM
ground_truth,mast,7,CPA3
ground_truth,mast,8,RGS1
ground_truth,mast,9,AHNAK
ground_truth,mast,10,RPS27
ground_truth,mast,11,CAPG
ground_truth,mast,12,IL4R
ground_truth,mast,13,GLUL
ground_truth,mast,14,CD22
ground_truth,mast,15,KIT
ground_truth,mast,16,ALOX5AP
ground_truth,mast,17,TPT1
ground_truth,mast,18,ARHGDIB
ground_truth,mast,19,RPL23
ground_truth,mast,20,EEF1A1
ground_truth,mast,21,RPS29
ground_truth,mast,22,RAC2
ground_truth,mast,23,NSMCE1
ground_truth,mast,24,NDRG2
ground_truth,mast,25,SH3BGRL3
ground_truth,mast,26,ZFP36
ground_truth,mast,27,CD37
ground_truth,mast,28,SAMSN1
ground_truth,mast,29,LTC4S
ground_truth,mast,30,CD9
ground_truth,mast,31,RPS14
ground_truth,mast,32,S100A4
ground_truth,mast,33,TMSB4X
ground_truth,mast,34,RPLP2
ground_truth,mast,35,RHOG
ground_truth,mast,36,MS4A2
ground_truth,mast,37,FOSL2
ground_truth,mast,38,ACTB
ground_truth,mast,39,RPL21
ground_truth,mast,40,RGS10
ground_truth,mast,41,RPL26
ground_truth,mast,42,RPLP1
ground_truth,mast,43,FOXP1
ground_truth,mast,44,DUSP6
ground_truth,mast,45,RGS2
ground_truth,mast,46,SEMA7A
ground_truth,mast,47,RPL31
ground_truth,mast,48,LMO4
ground_truth,mast,49,SLC18A2
ground_truth,mast,50,RPL30
ground_truth,mast,51,PRKCB
ground_truth,mast,52,PTGS1
ground_truth,mast,53,SMIM3
ground_truth,mast,54,FCER1G
ground_truth,mast,55,TYROBP
ground_truth,mast,56,CTSD
ground_truth,mast,57,RPL37
ground_truth,mast,58,ATP6V1F
ground_truth,mast,59,RPL13
ground_truth,mast,60,RPL7
ground_truth,mast,61,RPL37A
ground_truth,mast,62,RPS23
ground_truth,mast,63,ALOX5
ground_truth,mast,64,PTPN6
ground_truth,mast,65,RPL39
ground_truth,mast,66,PKM
ground_truth,mast,67,PTMA
ground_truth,mast,68,TXNIP
ground_truth,mast,69,VWA5A
ground_truth,mast,70,RUNX3
ground_truth,mast,71,RPL34
ground_truth,mast,72,ADAMTS7
ground_truth,mast,73,RPL14
ground_truth,mast,74,RPS4X
ground_truth,mast,75,FXYD5
ground_truth,mast,76,BHLHE40
ground_truth,mast,77,ZEB2
ground_truth,mast,78,RPS18
ground_truth,mast,79,NACA
ground_truth,mast,80,LAT2
ground_truth,mast,81,RPL35A
ground_truth,mast,82,RPL32
ground_truth,mast,83,H3F3B
ground_truth,mast,84,BST2
ground_truth,mast,85,KRT1
ground_truth,mast,86,HPGDS
ground_truth,mast,87,BTK
ground_truth,mast,88,RPS11
ground_truth,mast,89,CD300A
ground_truth,mast,90,RPS6
ground_truth,mast,91,EGR1
ground_truth,mast,92,RASSF5
ground_truth,mast,93,SLC2A3
ground_truth,mast,94,RPS20
ground_truth,mast,95,RPS21
ground_truth,mast,96,LITAF
ground_truth,mast,97,STK17B
ground_truth,mast,98,IER2
ground_truth,mast,99,RPL11
ground_truth,mast,100,RPL10
ground_truth,quiescent_stellate,1,C11orf96
ground_truth,quiescent_stellate,2,IGFBP4
ground_truth,quiescent_stellate,3,IFITM2
ground_truth,quiescent_stellate,4,PDGFRB
ground_truth,quiescent_stellate,5,IFITM3
ground_truth,quiescent_stellate,6,EPAS1
ground_truth,quiescent_stellate,7,COL6A2
ground_truth,quiescent_stellate,8,IGFBP7
ground_truth,quiescent_stellate,9,COL18A1
ground_truth,quiescent_stellate,10,COL3A1
ground_truth,quiescent_stellate,11,BGN
ground_truth,quiescent_stellate,12,SPARC
ground_truth,quiescent_stellate,13,NDUFA4L2
ground_truth,quiescent_stellate,14,KLF9
ground_truth,quiescent_stellate,15,COL6A1
ground_truth,quiescent_stellate,16,CEBPB
ground_truth,quiescent_stellate,17,ADCY3
ground_truth,quiescent_stellate,18,SERPINH1
ground_truth,quiescent_stellate,19,COL4A1
ground_truth,quiescent_stellate,20,NOTCH3
ground_truth,quiescent_stellate,21,IFITM1
ground_truth,quiescent_stellate,22,IL24
ground_truth,quiescent_stellate,23,ADAMTS4
ground_truth,quiescent_stellate,24,KCNE4
ground_truth,quiescent_stellate,25,CALD1
ground_truth,quiescent_stellate,26,ENG
ground_truth,quiescent_stellate,27,CRISPLD2
ground_truth,quiescent_stellate,28,CYGB
ground_truth,quiescent_stellate,29,PTMA
ground_truth,quiescent_stellate,30,RAB31
ground_truth,quiescent_stellate,31,RGS5
ground_truth,quiescent_stellate,32,EDNRB
ground_truth,quiescent_stellate,33,MAPKAPK2
ground_truth,quiescent_stellate,34,SMIM3
ground_truth,quiescent_stellate,35,EDNRA
ground_truth,quiescent_stellate,36,COL1A2
ground_truth,quiescent_stellate,37,MYH9
ground_truth,quiescent_stellate,38,ID3
ground_truth,quiescent_stellate,39,CD59
ground_truth,quiescent_stellate,40,LGALS1
ground_truth,quiescent_stellate,41,TIMP1
ground_truth,quiescent_stellate,42,ITGA1
ground_truth,quiescent_stellate,43,GAPDH
ground_truth,quiescent_stellate,44,CTSL
ground_truth,quiescent_stellate,45,GJA4
ground_truth,quiescent_stellate,46,COL1A1
ground_truth,quiescent_stellate,47,TBX3
ground_truth,quiescent_stellate,48,ADIRF
ground_truth,quiescent_stellate,49,PHLDA1
ground_truth,quiescent_stellate,50,HIF1A
ground_truth,quiescent_stellate,51,LDHB
ground_truth,quiescent_stellate,52,SELM
ground_truth,quiescent_stellate,53,IL1R1
ground_truth,quiescent_stellate,54,TFPI
ground_truth,quiescent_stellate,55,PRDX1
ground_truth,quiescent_stellate,56,BST2
ground_truth,quiescent_stellate,57,FTH1
ground_truth,quiescent_stellate,58,CTSD
ground_truth,quiescent_stellate,59,LDHA
ground_truth,quiescent_stellate,60,PAG1
ground_truth,quiescent_stellate,61,CSRP2
ground_truth,quiescent_stellate,62,IER3
ground_truth,quiescent_stellate,63,COL5A3
ground_truth,quiescent_stellate,64,H3F3B
ground_truth,quiescent_stellate,65,WNT5A
ground_truth,quiescent_stellate,66,MFGE8
ground_truth,quiescent_stellate,67,CSNK1E
ground_truth,quiescent_stellate,68,AP2M1
ground_truth,quiescent_stellate,69,LITAF
ground_truth,quiescent_stellate,70,ITGB1
ground_truth,quiescent_stellate,71,HEYL
ground_truth,quiescent_stellate,72,PLIN2
ground_truth,quiescent_stellate,73,COL15A1
ground_truth,quiescent_stellate,74,RHOQ
ground_truth,quiescent_stellate,75,MYL9
ground_truth,quiescent_stellate,76,CD248
ground_truth,quiescent_stellate,77,LAMC1
ground_truth,quiescent_stellate,78,ADAMTS1
ground_truth,quiescent_stellate,79,MARCKS
ground_truth,quiescent_stellate,80,VIM
ground_truth,quiescent_stellate,81,MIR4435-2HG
ground_truth,quiescent_stellate,82,TGFBI
ground_truth,quiescent_stellate,83,NR2F2
ground_truth,quiescent_stellate,84,PMEPA1
ground_truth,quiescent_stellate,85,JUNB
ground_truth,quiescent_stellate,86,SLC38A2
ground_truth,quiescent_stellate,87,HNRNPK
ground_truth,quiescent_stellate,88,CNN3
ground_truth,quiescent_stellate,89,RBMS1
ground_truth,quiescent_stellate,90,PXDN
ground_truth,quiescent_stellate,91,PFN1
ground_truth,quiescent_stellate,92,TPM4
ground_truth,quiescent_stellate,93,RPS16
ground_truth,quiescent_stellate,94,SLC2A3
ground_truth,quiescent_stellate,95,MSN
ground_truth,quiescent_stellate,96,AKR1B1
ground_truth,quiescent_stellate,97,CAV1
ground_truth,quiescent_stellate,98,FSTL1
ground_truth,quiescent_stellate,99,LIF
ground_truth,quiescent_stellate,100,CHSY1
ground_truth,schwann,1,SOX10
ground_truth,schwann,2,CRYAB
ground_truth,schwann,3,DAG1
ground_truth,schwann,4,PLAUR
ground_truth,schwann,5,MMP14
ground_truth,schwann,6,S100A6
ground_truth,schwann,7,PMP22
ground_truth,schwann,8,CTNNA1
ground_truth,schwann,9,PDLIM4
ground_truth,schwann,10,SPARC
ground_truth,schwann,11,CD9
ground_truth,schwann,12,PMEPA1
ground_truth,schwann,13,DKK3
ground_truth,schwann,14,TIMP3
ground_truth,schwann,15,LGALS3
ground_truth,schwann,16,GPC1
ground_truth,schwann,17,PSAP
ground_truth,schwann,18,RHOC
ground_truth,schwann,19,NGFR
ground_truth,schwann,20,CSNK1E
ground_truth,schwann,21,AXL
ground_truth,schwann,22,RCAN1
ground_truth,schwann,23,CD59
ground_truth,schwann,24,RHOA
ground_truth,schwann,25,EHBP1
ground_truth,schwann,26,CDH19
ground_truth,schwann,27,SEMA3C
ground_truth,schwann,28,VIM
ground_truth,schwann,29,ST6GALNAC2
ground_truth,schwann,30,ID4
ground_truth,schwann,31,PLEKHO1
ground_truth,schwann,32,GLUL
ground_truth,schwann,33,AP1S2
ground_truth,schwann,34,S100A13
ground_truth,schwann,35,CDK16
ground_truth,schwann,36,ANXA5
ground_truth,schwann,37,HMGA1
ground_truth,schwann,38,CNN3
ground_truth,schwann,39,PPAP2A
ground_truth,schwann,40,ANXA2
ground_truth,schwann,41,PEA15
ground_truth,schwann,42,APP
ground_truth,schwann,43,MT2A
ground_truth,schwann,44,PPP1R15A
ground_truth,schwann,45,GPM6B
ground_truth,schwann,46,CBR1
ground_truth,schwann,47,CAP1
ground_truth,schwann,48,SPHK1
ground_truth,schwann,49,CTSD
ground_truth,schwann,50,CD63
ground_truth,schwann,51,ATOX1
ground_truth,schwann,52,NES
ground_truth,schwann,53,FTL
ground_truth,schwann,54,MT1X
ground_truth,schwann,55,FTH1
ground_truth,schwann,56,PRDX1
ground_truth,schwann,57,NRP2
ground_truth,schwann,58,GNB2L1
ground_truth,schwann,59,CS
ground_truth,schwann,60,S100A16
ground_truth,schwann,61,AKAP12
ground_truth,schwann,62,HABP4
ground_truth,schwann,63,PRKCDBP
ground_truth,schwann,64,EMP1
ground_truth,schwann,65,SH3PXD2A
ground_truth,schwann,66,TALDO1
ground_truth,schwann,67,SNHG16
ground_truth,schwann,68,SLC23A2
ground_truth,schwann,69,CLDND1
ground_truth,schwann,70,MAP1B
ground_truth,schwann,71,CD81
ground_truth,schwann,72,RHOB
ground_truth,schwann,73,PSMD9
ground_truth,schwann,74,COL9A3
ground_truth,schwann,75,ABHD2
ground_truth,schwann,76,TMSB10
ground_truth,schwann,77,GADD45B
ground_truth,schwann,78,ENDOD1
ground_truth,schwann,79,LMNA
ground_truth,schwann,80,TRAF1
ground_truth,schwann,81,ATF3
ground_truth,schwann,82,IFITM3
ground_truth,schwann,83,PHLDA1
ground_truth,schwann,84,CLIC4
ground_truth,schwann,85,SDC3
ground_truth,schwann,86,SELM
ground_truth,schwann,87,ATP2B4
ground_truth,schwann,88,IGF2BP2
ground_truth,schwann,89,SERPINE2
ground_truth,schwann,90,RASA3
ground_truth,schwann,91,TAX1BP3
ground_truth,schwann,92,PMM1
ground_truth,schwann,93,ITGB8
ground_truth,schwann,94,GAP43
ground_truth,schwann,95,SVIL
ground_truth,schwann,96,IFITM2
ground_truth,schwann,97,TNFRSF12A
ground_truth,schwann,98,ANXA1
ground_truth,schwann,99,SPTBN1
ground_truth,schwann,100,CDC42EP1
ground_truth,t_cell,1,CD52
ground_truth,t_cell,2,LAPTM5
ground_truth,t_cell,3,RPLP1
ground_truth,t_cell,4,ARPC2
ground_truth,t_cell,5,RPS19
ground_truth,t_cell,6,TMSB4X
ground_truth,t_cell,7,SH3BGRL3
ground_truth,t_cell,8,RPLP2
ground_truth,t_cell,9,RPS29
ground_truth,t_cell,10,B2M
ground_truth,t_cell,11,CD3D
ground_truth,t_cell,12,TRBV25-1
ground_truth,t_cell,13,CCL5
ground_truth,t_cell,14,TRAC
ground_truth,t_cell,15,CORO1A
ground_truth,t_cell,16,RAC2
ground_truth,t_cell,17,LCP1
ground_truth,t_cell,18,IFITM2
ground_truth,t_cell,19,RPS21
ground_truth,t_cell,20,HLA-C
ground_truth,t_cell,21,ZFP36L2
ground_truth,t_cell,22,PFN1
ground_truth,t_cell,23,IL32
ground_truth,t_cell,24,HLA-B
ground_truth,t_cell,25,SUN2
ground_truth,t_cell,26,ACTB
ground_truth,t_cell,27,PTMA
ground_truth,t_cell,28,H1FX
ground_truth,t_cell,29,PSME1
ground_truth,t_cell,30,RPL29
ground_truth,t_cell,31,CD7
ground_truth,t_cell,32,CD8B
ground_truth,t_cell,33,SPOCK2
ground_truth,t_cell,34,CD53
ground_truth,t_cell,35,S100A4
ground_truth,t_cell,36,LSP1
ground_truth,t_cell,37,RGS1
ground_truth,t_cell,38,LPXN
ground_truth,t_cell,39,GMFG
ground_truth,t_cell,40,RPS15A
ground_truth,t_cell,41,CXCR4
ground_truth,t_cell,42,RPS27
ground_truth,t_cell,43,CMTM3
ground_truth,t_cell,44,RPS3
ground_truth,t_cell,45,IFITM1
ground_truth,t_cell,46,RPS16
ground_truth,t_cell,47,NPM1
ground_truth,t_cell,48,EVL
ground_truth,t_cell,49,PIM1
ground_truth,t_cell,50,RPS11
ground_truth,t_cell,51,RABAC1
ground_truth,t_cell,52,RPL23
ground_truth,t_cell,53,TNFAIP3
ground_truth,t_cell,54,PLEKHO1
ground_truth,t_cell,55,S100A10
ground_truth,t_cell,56,TPT1
ground_truth,t_cell,57,RPL10
ground_truth,t_cell,58,PAK2
ground_truth,t_cell,59,RPL13
ground_truth,t_cell,60,EHD1
ground_truth,t_cell,61,RPL27A
ground_truth,t_cell,62,GNAI2
ground_truth,t_cell,63,RPS14
ground_truth,t_cell,64,TUBB
ground_truth,t_cell,65,ZFP36L1
ground_truth,t_cell,66,GNG2
ground_truth,t_cell,67,RPS20
ground_truth,t_cell,68,CD74
ground_truth,t_cell,69,MYL12B
ground_truth,t_cell,70,VIM
ground_truth,t_cell,71,CD3E
ground_truth,t_cell,72,SIT1
ground_truth,t_cell,73,NKG7
ground_truth,t_cell,74,CD2
ground_truth,t_cell,75,CD8A
ground_truth,t_cell,76,FXYD5
ground_truth,t_cell,77,TRBC2
ground_truth,t_cell,78,CCR7
ground_truth,t_cell,79,SH2D2A
ground_truth,t_cell,80,ARHGAP30
ground_truth,t_cell,81,WAS
ground_truth,t_cell,82,CD6
ground_truth,t_cell,83,RPL13A
ground_truth,t_cell,84,CD37
ground_truth,t_cell,85,PTPRC
ground_truth,t_cell,86,CBX3
ground_truth,t_cell,87,RUNX3
ground_truth,t_cell,88,LCP2
ground_truth,t_cell,89,RBM3
ground_truth,t_cell,90,ICAM3
ground_truth,t_cell,91,STK17B
ground_truth,t_cell,92,CAPZB
ground_truth,t_cell,93,SRGN
ground_truth,t_cell,94,FAU
ground_truth,t_cell,95,PIK3R1
ground_truth,t_cell,96,ARHGDIB
ground_truth,t_cell,97,RPL26
ground_truth,t_cell,98,ACTR1A
ground_truth,t_cell,99,FLNA
ground_truth,t_cell,100,LYAR
