cell_index,scraw_reconstruction_weight,cell_id
0,0.9726421236991882,human2_lib1.final_cell_0001-1
1,0.5068495869636536,human2_lib1.final_cell_0002-1
2,0.40913334488868713,human2_lib1.final_cell_0003-1
3,0.5428644418716431,human2_lib1.final_cell_0004-1
4,0.5673997402191162,human2_lib1.final_cell_0005-1
5,0.5436761379241943,human2_lib1.final_cell_0006-1
6,0.4329541027545929,human2_lib1.final_cell_0007-1
7,0.4134233295917511,human2_lib1.final_cell_0008-1
8,2.180788278579712,human2_lib1.final_cell_0009-1
9,2.1023077964782715,human2_lib1.final_cell_0010-1
10,0.43357226252555847,human2_lib1.final_cell_0011-1
11,0.4770767092704773,human2_lib1.final_cell_0012-1
12,0.3845422863960266,human2_lib1.final_cell_0013-1
13,0.536969780921936,human2_lib1.final_cell_0014-1
14,0.3845422863960266,human2_lib1.final_cell_0015-1
15,0.3845422863960266,human2_lib1.final_cell_0016-1
16,0.5321716666221619,human2_lib1.final_cell_0017-1
17,1.989061713218689,human2_lib1.final_cell_0018-1
18,0.3845422863960266,human2_lib1.final_cell_0019-1
19,0.3845422863960266,human2_lib1.final_cell_0020-1
20,2.206242084503174,human2_lib1.final_cell_0021-1
21,0.3845422863960266,human2_lib1.final_cell_0022-1
22,0.6169363856315613,human2_lib1.final_cell_0023-1
23,0.6944538950920105,human2_lib1.final_cell_0024-1
24,2.2235419750213623,human2_lib1.final_cell_0025-1
25,0.3845422863960266,human2_lib1.final_cell_0026-1
26,0.506248414516449,human2_lib1.final_cell_0027-1
27,1.6872477531433105,human2_lib1.final_cell_0028-1
28,1.989061713218689,human2_lib1.final_cell_0029-1
29,2.2235419750213623,human2_lib1.final_cell_0030-1
30,2.2938098907470703,human2_lib1.final_cell_0031-1
31,1.989061713218689,human2_lib1.final_cell_0032-1
32,0.3845422863960266,human2_lib1.final_cell_0033-1
33,0.589453935623169,human2_lib1.final_cell_0034-1
34,0.41928747296333313,human2_lib1.final_cell_0035-1
35,0.42710837721824646,human2_lib1.final_cell_0036-1
36,0.38830435276031494,human2_lib1.final_cell_0037-1
37,2.2235419750213623,human2_lib1.final_cell_0038-1
38,0.38593605160713196,human2_lib1.final_cell_0039-1
39,1.9228425025939941,human2_lib1.final_cell_0040-1
40,0.3845422863960266,human2_lib1.final_cell_0041-1
41,0.6150436997413635,human2_lib1.final_cell_0042-1
42,2.2235419750213623,human2_lib1.final_cell_0043-1
43,0.5036934614181519,human2_lib1.final_cell_0044-1
44,0.39437443017959595,human2_lib1.final_cell_0045-1
45,0.3845422863960266,human2_lib1.final_cell_0046-1
46,0.3845422863960266,human2_lib1.final_cell_0047-1
47,0.3845422863960266,human2_lib1.final_cell_0048-1
48,1.989061713218689,human2_lib1.final_cell_0049-1
49,2.0191879272460938,human2_lib1.final_cell_0050-1
50,1.9661638736724854,human2_lib1.final_cell_0051-1
51,0.3845422863960266,human2_lib1.final_cell_0052-1
52,2.2938098907470703,human2_lib1.final_cell_0053-1
53,1.693406105041504,human2_lib1.final_cell_0054-1
54,0.3845422863960266,human2_lib1.final_cell_0055-1
55,0.8889526724815369,human2_lib1.final_cell_0056-1
56,0.9688022136688232,human2_lib1.final_cell_0057-1
57,0.4590502083301544,human2_lib1.final_cell_0058-1
58,0.39287006855010986,human2_lib1.final_cell_0059-1
59,0.46894609928131104,human2_lib1.final_cell_0060-1
60,0.5428444743156433,human2_lib1.final_cell_0061-1
61,0.40147721767425537,human2_lib1.final_cell_0062-1
62,0.5417658090591431,human2_lib1.final_cell_0063-1
63,1.0267080068588257,human2_lib1.final_cell_0064-1
64,0.4037487506866455,human2_lib1.final_cell_0065-1
65,0.6355598568916321,human2_lib1.final_cell_0066-1
66,1.9883005619049072,human2_lib1.final_cell_0067-1
67,0.4697096049785614,human2_lib1.final_cell_0068-1
68,1.989061713218689,human2_lib1.final_cell_0069-1
69,2.103578567504883,human2_lib1.final_cell_0070-1
70,2.119100332260132,human2_lib1.final_cell_0071-1
71,0.5512232780456543,human2_lib1.final_cell_0072-1
72,0.43933334946632385,human2_lib1.final_cell_0073-1
73,2.127037286758423,human2_lib1.final_cell_0074-1
74,0.3845422863960266,human2_lib1.final_cell_0075-1
75,0.5065130591392517,human2_lib1.final_cell_0076-1
76,0.3845422863960266,human2_lib1.final_cell_0077-1
77,2.2235419750213623,human2_lib1.final_cell_0078-1
78,0.3979429602622986,human2_lib1.final_cell_0079-1
79,0.8013963103294373,human2_lib1.final_cell_0080-1
80,0.6461800932884216,human2_lib1.final_cell_0081-1
81,1.8189314603805542,human2_lib1.final_cell_0082-1
82,2.2235419750213623,human2_lib1.final_cell_0083-1
83,0.3845422863960266,human2_lib1.final_cell_0084-1
84,0.3845422863960266,human2_lib1.final_cell_0085-1
85,2.0576250553131104,human2_lib1.final_cell_0086-1
86,0.3845422863960266,human2_lib1.final_cell_0087-1
87,0.4368875324726105,human2_lib1.final_cell_0088-1
88,0.46423253417015076,human2_lib1.final_cell_0089-1
89,0.43593379855155945,human2_lib1.final_cell_0090-1
90,0.3845422863960266,human2_lib1.final_cell_0091-1
91,1.247175693511963,human2_lib1.final_cell_0092-1
92,0.3845422863960266,human2_lib1.final_cell_0093-1
93,1.9780036211013794,human2_lib1.final_cell_0094-1
94,0.4572771489620209,human2_lib1.final_cell_0095-1
95,0.7635648846626282,human2_lib1.final_cell_0096-1
96,0.40328747034072876,human2_lib1.final_cell_0097-1
97,1.943136215209961,human2_lib1.final_cell_0098-1
98,0.3985868990421295,human2_lib1.final_cell_0099-1
99,0.5631751418113708,human2_lib1.final_cell_0100-1
100,0.5127357840538025,human2_lib1.final_cell_0101-1
101,0.8660049438476562,human2_lib1.final_cell_0102-1
102,0.6548143029212952,human2_lib1.final_cell_0103-1
103,0.47029662132263184,human2_lib1.final_cell_0104-1
104,0.6469565629959106,human2_lib1.final_cell_0105-1
105,0.3845422863960266,human2_lib1.final_cell_0106-1
106,1.6857458353042603,human2_lib1.final_cell_0107-1
107,0.3845422863960266,human2_lib1.final_cell_0108-1
108,0.3845422863960266,human2_lib1.final_cell_0109-1
109,0.40711352229118347,human2_lib1.final_cell_0110-1
110,1.8128381967544556,human2_lib1.final_cell_0111-1
111,1.5634617805480957,human2_lib1.final_cell_0112-1
112,1.989061713218689,human2_lib1.final_cell_0113-1
113,0.4241240918636322,human2_lib1.final_cell_0114-1
114,0.6261932849884033,human2_lib1.final_cell_0115-1
115,0.8519284129142761,human2_lib1.final_cell_0116-1
116,2.1601762771606445,human2_lib1.final_cell_0117-1
117,0.3845422863960266,human2_lib1.final_cell_0118-1
118,0.5235381722450256,human2_lib1.final_cell_0119-1
119,0.3845422863960266,human2_lib1.final_cell_0120-1
120,1.738259196281433,human2_lib1.final_cell_0121-1
121,0.3845422863960266,human2_lib1.final_cell_0122-1
122,0.6594019532203674,human2_lib1.final_cell_0123-1
123,0.8397201299667358,human2_lib1.final_cell_0124-1
124,1.968595266342163,human2_lib1.final_cell_0125-1
125,0.5357910394668579,human2_lib1.final_cell_0126-1
126,0.4268423616886139,human2_lib1.final_cell_0127-1
127,0.6771881580352783,human2_lib1.final_cell_0128-1
128,1.89956533908844,human2_lib1.final_cell_0129-1
129,0.3989375829696655,human2_lib1.final_cell_0130-1
130,0.43421199917793274,human2_lib1.final_cell_0131-1
131,0.4384361803531647,human2_lib1.final_cell_0132-1
132,0.3845422863960266,human2_lib1.final_cell_0133-1
133,1.7138261795043945,human2_lib1.final_cell_0134-1
134,0.3845422863960266,human2_lib1.final_cell_0135-1
135,1.8845783472061157,human2_lib1.final_cell_0136-1
136,0.6672393083572388,human2_lib1.final_cell_0137-1
137,2.1677722930908203,human2_lib1.final_cell_0138-1
138,0.5129875540733337,human2_lib1.final_cell_0139-1
139,0.3845422863960266,human2_lib1.final_cell_0140-1
140,1.2893584966659546,human2_lib1.final_cell_0141-1
141,0.3845422863960266,human2_lib1.final_cell_0142-1
142,2.2938098907470703,human2_lib1.final_cell_0143-1
143,0.3845422863960266,human2_lib1.final_cell_0144-1
144,0.8628172874450684,human2_lib1.final_cell_0145-1
145,0.3845422863960266,human2_lib1.final_cell_0146-1
146,0.5437228083610535,human2_lib1.final_cell_0147-1
147,0.3845422863960266,human2_lib1.final_cell_0148-1
148,0.3845422863960266,human2_lib1.final_cell_0149-1
149,0.7533077001571655,human2_lib1.final_cell_0150-1
150,1.989061713218689,human2_lib1.final_cell_0151-1
151,2.2590174674987793,human2_lib1.final_cell_0152-1
152,0.4615820348262787,human2_lib1.final_cell_0153-1
153,0.3845422863960266,human2_lib1.final_cell_0154-1
154,1.8678410053253174,human2_lib1.final_cell_0155-1
155,0.4555816948413849,human2_lib1.final_cell_0156-1
156,0.4376620352268219,human2_lib1.final_cell_0157-1
157,0.44909265637397766,human2_lib1.final_cell_0158-1
158,1.962639331817627,human2_lib1.final_cell_0159-1
159,1.9523483514785767,human2_lib1.final_cell_0160-1
160,0.3845422863960266,human2_lib1.final_cell_0161-1
161,0.3845422863960266,human2_lib1.final_cell_0162-1
162,0.7432072162628174,human2_lib1.final_cell_0163-1
163,0.3845422863960266,human2_lib1.final_cell_0164-1
164,1.927701711654663,human2_lib1.final_cell_0165-1
165,0.4601762890815735,human2_lib1.final_cell_0166-1
166,1.9228425025939941,human2_lib1.final_cell_0167-1
167,0.3845422863960266,human2_lib1.final_cell_0168-1
168,0.5018938779830933,human2_lib1.final_cell_0169-1
169,0.3845422863960266,human2_lib1.final_cell_0170-1
170,2.010969400405884,human2_lib1.final_cell_0171-1
171,0.3845422863960266,human2_lib1.final_cell_0172-1
172,0.6761055588722229,human2_lib1.final_cell_0173-1
173,0.4006114602088928,human2_lib1.final_cell_0174-1
174,0.3845422863960266,human2_lib1.final_cell_0175-1
175,0.5831449627876282,human2_lib1.final_cell_0176-1
176,1.690680742263794,human2_lib1.final_cell_0177-1
177,0.3845422863960266,human2_lib1.final_cell_0178-1
178,0.3845422863960266,human2_lib1.final_cell_0179-1
179,0.3845422863960266,human2_lib1.final_cell_0180-1
180,2.2235419750213623,human2_lib1.final_cell_0181-1
181,0.4566587209701538,human2_lib1.final_cell_0182-1
182,0.5137546062469482,human2_lib1.final_cell_0183-1
183,0.3845422863960266,human2_lib1.final_cell_0184-1
184,0.5695207118988037,human2_lib1.final_cell_0185-1
185,2.2235419750213623,human2_lib1.final_cell_0186-1
186,0.5412368774414062,human2_lib1.final_cell_0187-1
187,3.083728551864624,human2_lib1.final_cell_0188-1
188,0.6488959193229675,human2_lib1.final_cell_0189-1
189,1.8360538482666016,human2_lib1.final_cell_0190-1
190,0.39685535430908203,human2_lib1.final_cell_0191-1
191,1.7448816299438477,human2_lib1.final_cell_0192-1
192,0.5879133939743042,human2_lib1.final_cell_0193-1
193,2.2235419750213623,human2_lib1.final_cell_0194-1
194,1.6103081703186035,human2_lib1.final_cell_0195-1
195,0.5329886078834534,human2_lib1.final_cell_0196-1
196,3.083728551864624,human2_lib1.final_cell_0197-1
197,0.8593857288360596,human2_lib1.final_cell_0198-1
198,0.3845422863960266,human2_lib1.final_cell_0199-1
199,0.7670731544494629,human2_lib1.final_cell_0200-1
200,0.6119463443756104,human2_lib1.final_cell_0201-1
201,2.2938098907470703,human2_lib1.final_cell_0202-1
202,0.3845422863960266,human2_lib1.final_cell_0203-1
203,0.7636120915412903,human2_lib1.final_cell_0204-1
204,1.206028699874878,human2_lib1.final_cell_0205-1
205,0.733366072177887,human2_lib1.final_cell_0206-1
206,0.46674710512161255,human2_lib1.final_cell_0207-1
207,0.4260236322879791,human2_lib1.final_cell_0208-1
208,0.3845422863960266,human2_lib1.final_cell_0209-1
209,0.401630699634552,human2_lib1.final_cell_0210-1
210,0.516431987285614,human2_lib1.final_cell_0211-1
211,0.39038610458374023,human2_lib1.final_cell_0212-1
212,2.0496904850006104,human2_lib1.final_cell_0213-1
213,0.3845422863960266,human2_lib1.final_cell_0214-1
214,1.4563363790512085,human2_lib1.final_cell_0215-1
215,3.083728551864624,human2_lib1.final_cell_0216-1
216,2.2938098907470703,human2_lib1.final_cell_0217-1
217,0.3845422863960266,human2_lib1.final_cell_0218-1
218,0.4587380290031433,human2_lib1.final_cell_0219-1
219,0.4903539717197418,human2_lib1.final_cell_0220-1
220,0.3845422863960266,human2_lib1.final_cell_0221-1
221,0.3845422863960266,human2_lib1.final_cell_0222-1
222,0.49934330582618713,human2_lib1.final_cell_0223-1
223,0.5695151686668396,human2_lib1.final_cell_0224-1
224,0.4569581151008606,human2_lib1.final_cell_0225-1
225,1.0773053169250488,human2_lib1.final_cell_0226-1
226,0.45536288619041443,human2_lib1.final_cell_0227-1
227,0.3845422863960266,human2_lib1.final_cell_0228-1
228,0.439855694770813,human2_lib1.final_cell_0229-1
229,0.3845422863960266,human2_lib1.final_cell_0230-1
230,1.2291641235351562,human2_lib1.final_cell_0231-1
231,1.6159911155700684,human2_lib1.final_cell_0232-1
232,1.1969138383865356,human2_lib1.final_cell_0233-1
233,2.2925400733947754,human2_lib1.final_cell_0234-1
234,0.38904428482055664,human2_lib1.final_cell_0235-1
235,1.1383092403411865,human2_lib1.final_cell_0236-1
236,0.5722075700759888,human2_lib1.final_cell_0237-1
237,0.9920485615730286,human2_lib1.final_cell_0238-1
238,0.9085561633110046,human2_lib1.final_cell_0239-1
239,0.3845422863960266,human2_lib1.final_cell_0240-1
240,0.3845422863960266,human2_lib1.final_cell_0241-1
241,0.4307934641838074,human2_lib1.final_cell_0242-1
242,0.5624478459358215,human2_lib1.final_cell_0243-1
243,3.083728551864624,human2_lib1.final_cell_0244-1
244,0.3845422863960266,human2_lib1.final_cell_0245-1
245,0.5252689719200134,human2_lib1.final_cell_0246-1
246,2.1522233486175537,human2_lib1.final_cell_0247-1
247,0.755655825138092,human2_lib1.final_cell_0248-1
248,1.273537516593933,human2_lib1.final_cell_0249-1
249,0.3845422863960266,human2_lib1.final_cell_0250-1
250,1.989061713218689,human2_lib1.final_cell_0251-1
251,0.6578962206840515,human2_lib1.final_cell_0252-1
252,0.4496285617351532,human2_lib1.final_cell_0253-1
253,0.714547872543335,human2_lib1.final_cell_0254-1
254,0.5655472874641418,human2_lib1.final_cell_0255-1
255,1.8941152095794678,human2_lib1.final_cell_0256-1
256,1.989061713218689,human2_lib1.final_cell_0257-1
257,0.3845422863960266,human2_lib1.final_cell_0258-1
258,0.4585656225681305,human2_lib1.final_cell_0259-1
259,1.287748098373413,human2_lib1.final_cell_0260-1
260,1.2707901000976562,human2_lib1.final_cell_0261-1
261,0.5839790105819702,human2_lib1.final_cell_0262-1
262,1.974948763847351,human2_lib1.final_cell_0263-1
263,0.41586247086524963,human2_lib1.final_cell_0264-1
264,0.3845422863960266,human2_lib1.final_cell_0265-1
265,2.0514371395111084,human2_lib1.final_cell_0266-1
266,0.41875597834587097,human2_lib1.final_cell_0267-1
267,0.4151977002620697,human2_lib1.final_cell_0268-1
268,2.139159917831421,human2_lib1.final_cell_0269-1
269,1.0112526416778564,human2_lib1.final_cell_0270-1
270,0.3845422863960266,human2_lib1.final_cell_0271-1
271,0.5117658376693726,human2_lib1.final_cell_0272-1
272,0.850685715675354,human2_lib1.final_cell_0273-1
273,2.1849021911621094,human2_lib1.final_cell_0274-1
274,0.4511457085609436,human2_lib1.final_cell_0275-1
275,1.7151671648025513,human2_lib1.final_cell_0276-1
276,0.3845422863960266,human2_lib1.final_cell_0277-1
277,0.46681684255599976,human2_lib1.final_cell_0278-1
278,0.3845422863960266,human2_lib1.final_cell_0279-1
279,0.6008403301239014,human2_lib1.final_cell_0280-1
280,1.9176307916641235,human2_lib1.final_cell_0281-1
281,0.6254668831825256,human2_lib1.final_cell_0282-1
282,3.083728551864624,human2_lib1.final_cell_0283-1
283,1.989061713218689,human2_lib1.final_cell_0284-1
284,0.8267693519592285,human2_lib1.final_cell_0285-1
285,0.3845422863960266,human2_lib1.final_cell_0286-1
286,2.2938098907470703,human2_lib1.final_cell_0287-1
287,0.6275016665458679,human2_lib1.final_cell_0288-1
288,0.3845422863960266,human2_lib1.final_cell_0289-1
289,0.9075953364372253,human2_lib1.final_cell_0290-1
290,1.2652978897094727,human2_lib1.final_cell_0291-1
291,0.4513554871082306,human2_lib1.final_cell_0292-1
292,0.4555663466453552,human2_lib1.final_cell_0293-1
293,0.3845422863960266,human2_lib1.final_cell_0294-1
294,0.6486890912055969,human2_lib1.final_cell_0295-1
295,0.707216203212738,human2_lib1.final_cell_0296-1
296,1.9002543687820435,human2_lib1.final_cell_0297-1
297,0.4987826347351074,human2_lib1.final_cell_0298-1
298,0.3845422863960266,human2_lib1.final_cell_0299-1
299,0.3845422863960266,human2_lib1.final_cell_0300-1
300,0.39526280760765076,human2_lib1.final_cell_0301-1
301,0.3845422863960266,human2_lib1.final_cell_0302-1
302,1.6703684329986572,human2_lib1.final_cell_0303-1
303,1.5481765270233154,human2_lib1.final_cell_0304-1
304,0.3845422863960266,human2_lib1.final_cell_0305-1
305,0.3864229917526245,human2_lib1.final_cell_0306-1
306,1.725804090499878,human2_lib1.final_cell_0307-1
307,0.3845422863960266,human2_lib1.final_cell_0308-1
308,1.989061713218689,human2_lib1.final_cell_0309-1
309,0.3845422863960266,human2_lib1.final_cell_0310-1
310,0.3897850215435028,human2_lib1.final_cell_0311-1
311,0.7609559297561646,human2_lib1.final_cell_0312-1
312,2.2235419750213623,human2_lib1.final_cell_0313-1
313,1.8738425970077515,human2_lib1.final_cell_0314-1
314,0.40559789538383484,human2_lib1.final_cell_0315-1
315,0.3845422863960266,human2_lib1.final_cell_0316-1
316,2.1669561862945557,human2_lib1.final_cell_0317-1
317,0.645841658115387,human2_lib1.final_cell_0318-1
318,1.8259395360946655,human2_lib1.final_cell_0319-1
319,0.3845422863960266,human2_lib1.final_cell_0320-1
320,1.7597886323928833,human2_lib1.final_cell_0321-1
321,0.39984002709388733,human2_lib1.final_cell_0322-1
322,1.7214558124542236,human2_lib1.final_cell_0323-1
323,0.667835533618927,human2_lib1.final_cell_0324-1
324,0.5835530161857605,human2_lib1.final_cell_0325-1
325,0.5912628173828125,human2_lib1.final_cell_0326-1
326,1.9649957418441772,human2_lib1.final_cell_0327-1
327,1.8089933395385742,human2_lib1.final_cell_0328-1
328,0.5180734992027283,human2_lib1.final_cell_0329-1
329,0.6227372884750366,human2_lib1.final_cell_0330-1
330,0.42707329988479614,human2_lib1.final_cell_0331-1
331,0.513816773891449,human2_lib1.final_cell_0332-1
332,0.52998948097229,human2_lib1.final_cell_0333-1
333,3.083728551864624,human2_lib1.final_cell_0334-1
334,0.3845422863960266,human2_lib1.final_cell_0335-1
335,0.7362886071205139,human2_lib1.final_cell_0336-1
336,0.3845422863960266,human2_lib1.final_cell_0337-1
337,0.3845422863960266,human2_lib1.final_cell_0338-1
338,0.47735777497291565,human2_lib1.final_cell_0339-1
339,0.5514550805091858,human2_lib1.final_cell_0340-1
340,1.292848825454712,human2_lib1.final_cell_0341-1
341,0.41522592306137085,human2_lib1.final_cell_0342-1
342,0.3845422863960266,human2_lib1.final_cell_0343-1
343,1.989061713218689,human2_lib1.final_cell_0344-1
344,0.3845422863960266,human2_lib1.final_cell_0345-1
345,1.989061713218689,human2_lib1.final_cell_0346-1
346,1.989061713218689,human2_lib1.final_cell_0347-1
347,1.989061713218689,human2_lib1.final_cell_0348-1
348,0.4628005027770996,human2_lib1.final_cell_0349-1
349,2.2938098907470703,human2_lib1.final_cell_0350-1
350,1.9741696119308472,human2_lib1.final_cell_0351-1
351,0.45526453852653503,human2_lib1.final_cell_0352-1
352,0.46002721786499023,human2_lib1.final_cell_0353-1
353,0.5904503464698792,human2_lib1.final_cell_0354-1
354,0.4265831708908081,human2_lib1.final_cell_0355-1
355,0.44813552498817444,human2_lib1.final_cell_0356-1
356,0.4480299651622772,human2_lib1.final_cell_0357-1
357,1.771769404411316,human2_lib1.final_cell_0358-1
358,0.45289406180381775,human2_lib1.final_cell_0359-1
359,0.3845422863960266,human2_lib1.final_cell_0360-1
360,0.8186033964157104,human2_lib1.final_cell_0361-1
361,1.7036211490631104,human2_lib1.final_cell_0362-1
362,0.49057847261428833,human2_lib1.final_cell_0363-1
363,0.4977574944496155,human2_lib1.final_cell_0364-1
364,3.083728551864624,human2_lib1.final_cell_0365-1
365,0.6323755383491516,human2_lib1.final_cell_0366-1
366,0.3845422863960266,human2_lib1.final_cell_0367-1
367,0.6753199696540833,human2_lib1.final_cell_0368-1
368,0.3845422863960266,human2_lib1.final_cell_0369-1
369,0.5928560495376587,human2_lib1.final_cell_0370-1
370,0.3845422863960266,human2_lib1.final_cell_0371-1
371,0.640691339969635,human2_lib1.final_cell_0372-1
372,1.989061713218689,human2_lib1.final_cell_0373-1
373,0.8937370181083679,human2_lib1.final_cell_0374-1
374,0.4038766622543335,human2_lib1.final_cell_0375-1
375,1.1355838775634766,human2_lib1.final_cell_0376-1
376,0.3845422863960266,human2_lib1.final_cell_0377-1
377,2.2938098907470703,human2_lib1.final_cell_0378-1
378,2.2826991081237793,human2_lib1.final_cell_0379-1
379,2.2235419750213623,human2_lib1.final_cell_0380-1
380,2.2235419750213623,human2_lib1.final_cell_0381-1
381,0.4693962335586548,human2_lib1.final_cell_0382-1
382,0.3845422863960266,human2_lib1.final_cell_0383-1
383,0.3845422863960266,human2_lib1.final_cell_0384-1
384,0.38694140315055847,human2_lib1.final_cell_0385-1
385,0.3845422863960266,human2_lib1.final_cell_0386-1
386,0.3845422863960266,human2_lib1.final_cell_0387-1
387,1.4580137729644775,human2_lib1.final_cell_0388-1
388,0.3845422863960266,human2_lib1.final_cell_0389-1
389,1.6046068668365479,human2_lib1.final_cell_0390-1
390,1.7328909635543823,human2_lib1.final_cell_0391-1
391,0.47882047295570374,human2_lib1.final_cell_0392-1
392,1.167867660522461,human2_lib1.final_cell_0393-1
393,2.2938098907470703,human2_lib1.final_cell_0394-1
394,1.951720952987671,human2_lib1.final_cell_0395-1
395,1.82270348072052,human2_lib1.final_cell_0396-1
396,0.3845422863960266,human2_lib1.final_cell_0397-1
397,0.739519476890564,human2_lib1.final_cell_0398-1
398,0.8153277635574341,human2_lib1.final_cell_0399-1
399,0.4252791404724121,human2_lib1.final_cell_0400-1
400,0.47181442379951477,human2_lib1.final_cell_0401-1
401,0.452424019575119,human2_lib1.final_cell_0402-1
402,2.2235419750213623,human2_lib1.final_cell_0403-1
403,0.3919355869293213,human2_lib1.final_cell_0404-1
404,1.2388675212860107,human2_lib1.final_cell_0405-1
405,2.2110021114349365,human2_lib1.final_cell_0406-1
406,0.9977919459342957,human2_lib1.final_cell_0407-1
407,0.3845422863960266,human2_lib1.final_cell_0408-1
408,0.47669315338134766,human2_lib1.final_cell_0409-1
409,1.989061713218689,human2_lib1.final_cell_0410-1
410,2.2107200622558594,human2_lib1.final_cell_0411-1
411,0.4472806453704834,human2_lib1.final_cell_0412-1
412,0.4486425220966339,human2_lib1.final_cell_0413-1
413,0.5967280268669128,human2_lib1.final_cell_0414-1
414,0.504711389541626,human2_lib1.final_cell_0415-1
415,0.3845422863960266,human2_lib1.final_cell_0416-1
416,0.3845422863960266,human2_lib1.final_cell_0417-1
417,0.3845422863960266,human2_lib1.final_cell_0418-1
418,0.3845422863960266,human2_lib1.final_cell_0419-1
419,0.3845422863960266,human2_lib1.final_cell_0420-1
420,0.49410948157310486,human2_lib1.final_cell_0421-1
421,1.9228425025939941,human2_lib1.final_cell_0422-1
422,1.6108756065368652,human2_lib1.final_cell_0423-1
423,0.3845422863960266,human2_lib1.final_cell_0424-1
424,0.3845422863960266,human2_lib1.final_cell_0425-1
425,1.5476858615875244,human2_lib1.final_cell_0426-1
426,0.3845422863960266,human2_lib1.final_cell_0427-1
427,0.3845422863960266,human2_lib1.final_cell_0428-1
428,0.40065667033195496,human2_lib1.final_cell_0429-1
429,1.52145516872406,human2_lib1.final_cell_0430-1
430,1.6525219678878784,human2_lib1.final_cell_0431-1
431,0.9469983577728271,human2_lib1.final_cell_0432-1
432,0.9693883657455444,human2_lib1.final_cell_0433-1
433,1.7723486423492432,human2_lib1.final_cell_0434-1
434,0.7686710357666016,human2_lib1.final_cell_0435-1
435,1.2119042873382568,human2_lib1.final_cell_0436-1
436,0.40409600734710693,human2_lib1.final_cell_0437-1
437,1.854561448097229,human2_lib1.final_cell_0438-1
438,0.4827198088169098,human2_lib1.final_cell_0439-1
439,0.3845422863960266,human2_lib1.final_cell_0440-1
440,0.3845422863960266,human2_lib1.final_cell_0441-1
441,0.4206175208091736,human2_lib1.final_cell_0442-1
442,0.9018729329109192,human2_lib1.final_cell_0443-1
443,2.2938098907470703,human2_lib1.final_cell_0444-1
444,0.3845422863960266,human2_lib1.final_cell_0445-1
445,1.4917844533920288,human2_lib1.final_cell_0446-1
446,0.3845422863960266,human2_lib1.final_cell_0447-1
447,0.3845422863960266,human2_lib1.final_cell_0448-1
448,0.9759670495986938,human2_lib1.final_cell_0449-1
449,1.3577097654342651,human2_lib1.final_cell_0450-1
450,0.3845422863960266,human2_lib1.final_cell_0451-1
451,0.6518943309783936,human2_lib1.final_cell_0452-1
452,0.5690285563468933,human2_lib1.final_cell_0453-1
453,0.3845422863960266,human2_lib1.final_cell_0454-1
454,0.3845422863960266,human2_lib1.final_cell_0455-1
455,1.6687017679214478,human2_lib1.final_cell_0456-1
456,2.265916347503662,human2_lib1.final_cell_0457-1
457,0.5151014924049377,human2_lib1.final_cell_0458-1
458,0.5035931468009949,human2_lib1.final_cell_0459-1
459,0.3845422863960266,human2_lib1.final_cell_0460-1
460,0.6709054708480835,human2_lib1.final_cell_0461-1
461,0.3892576992511749,human2_lib1.final_cell_0462-1
462,0.9764586687088013,human2_lib1.final_cell_0463-1
463,0.39122217893600464,human2_lib1.final_cell_0464-1
464,0.3845422863960266,human2_lib1.final_cell_0465-1
465,1.8365824222564697,human2_lib1.final_cell_0466-1
466,1.7267253398895264,human2_lib1.final_cell_0467-1
467,1.989061713218689,human2_lib1.final_cell_0468-1
468,0.5662664175033569,human2_lib1.final_cell_0469-1
469,0.5309880971908569,human2_lib1.final_cell_0470-1
470,2.2938098907470703,human2_lib1.final_cell_0471-1
471,0.3845422863960266,human2_lib1.final_cell_0472-1
472,2.2235419750213623,human2_lib1.final_cell_0473-1
473,0.9968535900115967,human2_lib1.final_cell_0474-1
474,1.0623339414596558,human2_lib1.final_cell_0475-1
475,0.3845422863960266,human2_lib1.final_cell_0476-1
476,0.8040978312492371,human2_lib1.final_cell_0477-1
477,0.5201501846313477,human2_lib1.final_cell_0478-1
478,1.8152111768722534,human2_lib1.final_cell_0479-1
479,0.423616498708725,human2_lib1.final_cell_0480-1
480,2.242046594619751,human2_lib1.final_cell_0481-1
481,3.083728551864624,human2_lib1.final_cell_0482-1
482,1.5595571994781494,human2_lib1.final_cell_0483-1
483,1.7223740816116333,human2_lib1.final_cell_0484-1
484,3.083728551864624,human2_lib1.final_cell_0485-1
485,0.3845422863960266,human2_lib1.final_cell_0486-1
486,1.683427095413208,human2_lib1.final_cell_0487-1
487,0.852104663848877,human2_lib1.final_cell_0488-1
488,0.6813850998878479,human2_lib1.final_cell_0489-1
489,1.989061713218689,human2_lib1.final_cell_0490-1
490,0.38749566674232483,human2_lib1.final_cell_0491-1
491,0.3845422863960266,human2_lib1.final_cell_0492-1
492,0.3845422863960266,human2_lib1.final_cell_0493-1
493,0.736282229423523,human2_lib1.final_cell_0494-1
494,2.2938098907470703,human2_lib1.final_cell_0495-1
495,0.3845422863960266,human2_lib1.final_cell_0496-1
496,1.0706530809402466,human2_lib1.final_cell_0497-1
497,0.7777090668678284,human2_lib1.final_cell_0498-1
498,0.4216720461845398,human2_lib1.final_cell_0499-1
499,2.2938098907470703,human2_lib1.final_cell_0500-1
500,0.7569644451141357,human2_lib1.final_cell_0501-1
501,0.4081895053386688,human2_lib1.final_cell_0502-1
502,0.3967258036136627,human2_lib1.final_cell_0503-1
503,0.3845422863960266,human2_lib1.final_cell_0504-1
504,0.9119618535041809,human2_lib1.final_cell_0505-1
505,0.5192429423332214,human2_lib1.final_cell_0506-1
506,2.2938098907470703,human2_lib1.final_cell_0507-1
507,0.4575600028038025,human2_lib1.final_cell_0508-1
508,0.3845422863960266,human2_lib1.final_cell_0509-1
509,0.4192062020301819,human2_lib1.final_cell_0510-1
510,1.880465030670166,human2_lib1.final_cell_0511-1
511,0.40928298234939575,human2_lib1.final_cell_0512-1
512,0.5338718295097351,human2_lib1.final_cell_0513-1
513,0.9177745580673218,human2_lib1.final_cell_0514-1
514,0.665722131729126,human2_lib1.final_cell_0515-1
515,1.0299651622772217,human2_lib1.final_cell_0516-1
516,1.2941195964813232,human2_lib1.final_cell_0517-1
517,2.2235419750213623,human2_lib1.final_cell_0518-1
518,0.6350338459014893,human2_lib1.final_cell_0519-1
519,1.9755722284317017,human2_lib1.final_cell_0520-1
520,0.3845422863960266,human2_lib1.final_cell_0521-1
521,0.616767942905426,human2_lib1.final_cell_0522-1
522,2.2624008655548096,human2_lib1.final_cell_0523-1
523,1.764944076538086,human2_lib1.final_cell_0524-1
524,1.9228425025939941,human2_lib1.final_cell_0525-1
525,0.45610836148262024,human2_lib1.final_cell_0526-1
526,0.6582725644111633,human2_lib1.final_cell_0527-1
527,0.9608854055404663,human2_lib1.final_cell_0528-1
528,0.44607385993003845,human2_lib1.final_cell_0529-1
529,0.6715803146362305,human2_lib1.final_cell_0530-1
530,0.9780495166778564,human2_lib1.final_cell_0531-1
531,1.1329879760742188,human2_lib1.final_cell_0532-1
532,2.1896281242370605,human2_lib1.final_cell_0533-1
533,1.2783538103103638,human2_lib1.final_cell_0534-1
534,1.8841763734817505,human2_lib1.final_cell_0535-1
535,1.913806438446045,human2_lib1.final_cell_0536-1
536,0.5104268193244934,human2_lib1.final_cell_0537-1
537,1.2599902153015137,human2_lib1.final_cell_0538-1
538,1.5311955213546753,human2_lib1.final_cell_0539-1
539,1.9287149906158447,human2_lib1.final_cell_0540-1
540,3.083728551864624,human2_lib1.final_cell_0541-1
541,1.087216854095459,human2_lib1.final_cell_0542-1
542,0.7975895404815674,human2_lib1.final_cell_0543-1
543,1.9228425025939941,human2_lib1.final_cell_0544-1
544,1.2097848653793335,human2_lib1.final_cell_0545-1
545,1.6884194612503052,human2_lib1.final_cell_0546-1
546,1.8461240530014038,human2_lib1.final_cell_0547-1
547,0.8100955486297607,human2_lib1.final_cell_0548-1
548,2.2938098907470703,human2_lib1.final_cell_0549-1
549,2.2235419750213623,human2_lib1.final_cell_0550-1
550,0.500839114189148,human2_lib1.final_cell_0551-1
551,0.515731930732727,human2_lib1.final_cell_0552-1
552,1.989061713218689,human2_lib1.final_cell_0553-1
553,1.2031487226486206,human2_lib1.final_cell_0554-1
554,1.6858224868774414,human2_lib1.final_cell_0555-1
555,0.6124316453933716,human2_lib1.final_cell_0556-1
556,0.7517504096031189,human2_lib1.final_cell_0557-1
557,2.2235419750213623,human2_lib1.final_cell_0558-1
558,0.942666232585907,human2_lib1.final_cell_0559-1
559,0.5448243618011475,human2_lib2.final_cell_0001-1
560,1.9228425025939941,human2_lib2.final_cell_0002-1
561,0.4124678373336792,human2_lib2.final_cell_0003-1
562,0.7593424320220947,human2_lib2.final_cell_0004-1
563,0.3845422863960266,human2_lib2.final_cell_0005-1
564,0.567257821559906,human2_lib2.final_cell_0006-1
565,1.989061713218689,human2_lib2.final_cell_0007-1
566,0.3845422863960266,human2_lib2.final_cell_0008-1
567,0.625136137008667,human2_lib2.final_cell_0009-1
568,0.6910752654075623,human2_lib2.final_cell_0010-1
569,0.41854754090309143,human2_lib2.final_cell_0011-1
570,2.2938098907470703,human2_lib2.final_cell_0012-1
571,0.4716721177101135,human2_lib2.final_cell_0013-1
572,0.6794995665550232,human2_lib2.final_cell_0014-1
573,2.2235419750213623,human2_lib2.final_cell_0015-1
574,2.2235419750213623,human2_lib2.final_cell_0016-1
575,2.2235419750213623,human2_lib2.final_cell_0017-1
576,1.989061713218689,human2_lib2.final_cell_0018-1
577,0.3845422863960266,human2_lib2.final_cell_0019-1
578,0.3951824903488159,human2_lib2.final_cell_0020-1
579,1.9228425025939941,human2_lib2.final_cell_0021-1
580,0.6965360641479492,human2_lib2.final_cell_0022-1
581,0.5137851238250732,human2_lib2.final_cell_0023-1
582,2.1177687644958496,human2_lib2.final_cell_0024-1
583,0.4958200752735138,human2_lib2.final_cell_0025-1
584,0.47419649362564087,human2_lib2.final_cell_0026-1
585,0.3845422863960266,human2_lib2.final_cell_0027-1
586,0.3920527696609497,human2_lib2.final_cell_0028-1
587,2.075472831726074,human2_lib2.final_cell_0029-1
588,2.2235419750213623,human2_lib2.final_cell_0030-1
589,0.8166812658309937,human2_lib2.final_cell_0031-1
590,2.211148500442505,human2_lib2.final_cell_0032-1
591,0.5672838091850281,human2_lib2.final_cell_0033-1
592,0.5482299327850342,human2_lib2.final_cell_0034-1
593,1.295592188835144,human2_lib2.final_cell_0035-1
594,2.2235419750213623,human2_lib2.final_cell_0036-1
595,0.6307629942893982,human2_lib2.final_cell_0037-1
596,0.400182843208313,human2_lib2.final_cell_0038-1
597,0.898867130279541,human2_lib2.final_cell_0039-1
598,0.6361911296844482,human2_lib2.final_cell_0040-1
599,0.3845422863960266,human2_lib2.final_cell_0041-1
600,0.4976588785648346,human2_lib2.final_cell_0042-1
601,2.2235419750213623,human2_lib2.final_cell_0043-1
602,2.1956024169921875,human2_lib2.final_cell_0044-1
603,1.8788095712661743,human2_lib2.final_cell_0045-1
604,0.5841162800788879,human2_lib2.final_cell_0046-1
605,0.4885587692260742,human2_lib2.final_cell_0047-1
606,0.8667523860931396,human2_lib2.final_cell_0048-1
607,1.3710823059082031,human2_lib2.final_cell_0049-1
608,1.989061713218689,human2_lib2.final_cell_0050-1
609,0.3845422863960266,human2_lib2.final_cell_0051-1
610,2.2235419750213623,human2_lib2.final_cell_0052-1
611,1.85117769241333,human2_lib2.final_cell_0053-1
612,0.5003061294555664,human2_lib2.final_cell_0054-1
613,0.8197901844978333,human2_lib2.final_cell_0055-1
614,1.645554542541504,human2_lib2.final_cell_0056-1
615,0.6821946501731873,human2_lib2.final_cell_0057-1
616,0.5526440143585205,human2_lib2.final_cell_0058-1
617,0.3845422863960266,human2_lib2.final_cell_0059-1
618,0.3845422863960266,human2_lib2.final_cell_0060-1
619,1.1160115003585815,human2_lib2.final_cell_0061-1
620,0.6163642406463623,human2_lib2.final_cell_0062-1
621,0.4610671401023865,human2_lib2.final_cell_0063-1
622,0.4596177339553833,human2_lib2.final_cell_0064-1
623,2.230153799057007,human2_lib2.final_cell_0065-1
624,0.5836237668991089,human2_lib2.final_cell_0066-1
625,2.010498523712158,human2_lib2.final_cell_0067-1
626,0.7361512184143066,human2_lib2.final_cell_0068-1
627,2.2938098907470703,human2_lib2.final_cell_0069-1
628,0.7807806134223938,human2_lib2.final_cell_0070-1
629,2.2235419750213623,human2_lib2.final_cell_0071-1
630,0.547947347164154,human2_lib2.final_cell_0072-1
631,0.7964717745780945,human2_lib2.final_cell_0073-1
632,0.6080917119979858,human2_lib2.final_cell_0074-1
633,1.7540626525878906,human2_lib2.final_cell_0075-1
634,2.1439037322998047,human2_lib2.final_cell_0076-1
635,0.5545705556869507,human2_lib2.final_cell_0077-1
636,1.9219449758529663,human2_lib2.final_cell_0078-1
637,0.3845422863960266,human2_lib2.final_cell_0079-1
638,1.6890008449554443,human2_lib2.final_cell_0080-1
639,1.0690571069717407,human2_lib2.final_cell_0081-1
640,0.400738000869751,human2_lib2.final_cell_0082-1
641,0.5894654989242554,human2_lib2.final_cell_0083-1
642,0.5210188627243042,human2_lib2.final_cell_0084-1
643,2.050586223602295,human2_lib2.final_cell_0085-1
644,2.3349685668945312,human2_lib2.final_cell_0086-1
645,0.5952813029289246,human2_lib2.final_cell_0087-1
646,0.414815217256546,human2_lib2.final_cell_0088-1
647,0.7057210803031921,human2_lib2.final_cell_0089-1
648,0.6628997921943665,human2_lib2.final_cell_0090-1
649,1.265592098236084,human2_lib2.final_cell_0091-1
650,0.3845422863960266,human2_lib2.final_cell_0092-1
651,2.1974270343780518,human2_lib2.final_cell_0093-1
652,0.8977767825126648,human2_lib2.final_cell_0094-1
653,0.3845422863960266,human2_lib2.final_cell_0095-1
654,0.3845422863960266,human2_lib2.final_cell_0096-1
655,0.6346215605735779,human2_lib2.final_cell_0097-1
656,0.3845422863960266,human2_lib2.final_cell_0098-1
657,0.3845422863960266,human2_lib2.final_cell_0099-1
658,0.3845422863960266,human2_lib2.final_cell_0100-1
659,0.3845422863960266,human2_lib2.final_cell_0101-1
660,2.058954954147339,human2_lib2.final_cell_0102-1
661,0.3855127990245819,human2_lib2.final_cell_0103-1
662,2.0189223289489746,human2_lib2.final_cell_0104-1
663,0.5425492525100708,human2_lib2.final_cell_0105-1
664,0.6330867409706116,human2_lib2.final_cell_0106-1
665,0.3845422863960266,human2_lib2.final_cell_0107-1
666,0.5806185603141785,human2_lib2.final_cell_0108-1
667,0.52693110704422,human2_lib2.final_cell_0109-1
668,2.1742584705352783,human2_lib2.final_cell_0110-1
669,0.3845422863960266,human2_lib2.final_cell_0111-1
670,2.2938098907470703,human2_lib2.final_cell_0112-1
671,1.1828429698944092,human2_lib2.final_cell_0113-1
672,0.4518807828426361,human2_lib2.final_cell_0114-1
673,0.3966641426086426,human2_lib2.final_cell_0115-1
674,0.3845422863960266,human2_lib2.final_cell_0116-1
675,0.5610518455505371,human2_lib2.final_cell_0117-1
676,0.599017322063446,human2_lib2.final_cell_0118-1
677,2.2624008655548096,human2_lib2.final_cell_0119-1
678,1.9228425025939941,human2_lib2.final_cell_0120-1
679,2.0458154678344727,human2_lib2.final_cell_0121-1
680,0.47309499979019165,human2_lib2.final_cell_0122-1
681,0.8636134266853333,human2_lib2.final_cell_0123-1
682,0.3845422863960266,human2_lib2.final_cell_0124-1
683,0.6256370544433594,human2_lib2.final_cell_0125-1
684,0.6153960227966309,human2_lib2.final_cell_0126-1
685,2.1750903129577637,human2_lib2.final_cell_0127-1
686,0.3845422863960266,human2_lib2.final_cell_0128-1
687,1.1894009113311768,human2_lib2.final_cell_0129-1
688,0.6292054653167725,human2_lib2.final_cell_0130-1
689,0.5336699485778809,human2_lib2.final_cell_0131-1
690,0.4072296619415283,human2_lib2.final_cell_0132-1
691,0.5746886134147644,human2_lib2.final_cell_0133-1
692,0.3845422863960266,human2_lib2.final_cell_0134-1
693,1.0744080543518066,human2_lib2.final_cell_0135-1
694,1.8946611881256104,human2_lib2.final_cell_0136-1
695,1.8982475996017456,human2_lib2.final_cell_0137-1
696,0.4304664134979248,human2_lib2.final_cell_0138-1
697,0.3845422863960266,human2_lib2.final_cell_0139-1
698,0.5310952067375183,human2_lib2.final_cell_0140-1
699,0.6296429634094238,human2_lib2.final_cell_0141-1
700,0.5531766414642334,human2_lib2.final_cell_0142-1
701,0.39236098527908325,human2_lib2.final_cell_0143-1
702,1.9228425025939941,human2_lib2.final_cell_0144-1
703,2.2938098907470703,human2_lib2.final_cell_0145-1
704,2.1597893238067627,human2_lib2.final_cell_0146-1
705,2.111703872680664,human2_lib2.final_cell_0147-1
706,0.3845422863960266,human2_lib2.final_cell_0148-1
707,0.4428991973400116,human2_lib2.final_cell_0149-1
708,1.9228425025939941,human2_lib2.final_cell_0150-1
709,0.5464532971382141,human2_lib2.final_cell_0151-1
710,0.3845422863960266,human2_lib2.final_cell_0152-1
711,2.0027153491973877,human2_lib2.final_cell_0153-1
712,2.2235419750213623,human2_lib2.final_cell_0154-1
713,0.4254324436187744,human2_lib2.final_cell_0155-1
714,0.3946934640407562,human2_lib2.final_cell_0156-1
715,2.2235419750213623,human2_lib2.final_cell_0157-1
716,1.9307011365890503,human2_lib2.final_cell_0158-1
717,0.47858619689941406,human2_lib2.final_cell_0159-1
718,0.644148588180542,human2_lib2.final_cell_0160-1
719,1.9176307916641235,human2_lib2.final_cell_0161-1
720,2.1594674587249756,human2_lib2.final_cell_0162-1
721,0.3845422863960266,human2_lib2.final_cell_0163-1
722,0.3845422863960266,human2_lib2.final_cell_0164-1
723,0.6885060667991638,human2_lib2.final_cell_0165-1
724,0.41593024134635925,human2_lib2.final_cell_0166-1
725,0.3845422863960266,human2_lib2.final_cell_0167-1
726,0.41830822825431824,human2_lib2.final_cell_0168-1
727,2.137906551361084,human2_lib2.final_cell_0169-1
728,0.9900010228157043,human2_lib2.final_cell_0170-1
729,1.29854154586792,human2_lib2.final_cell_0171-1
730,0.7256618142127991,human2_lib2.final_cell_0172-1
731,0.6261199116706848,human2_lib2.final_cell_0173-1
732,1.098290205001831,human2_lib2.final_cell_0174-1
733,0.46126535534858704,human2_lib2.final_cell_0175-1
734,0.3845422863960266,human2_lib2.final_cell_0176-1
735,1.5403152704238892,human2_lib2.final_cell_0177-1
736,0.5748643279075623,human2_lib2.final_cell_0178-1
737,0.4512088894844055,human2_lib2.final_cell_0179-1
738,1.9530366659164429,human2_lib2.final_cell_0180-1
739,0.5278041958808899,human2_lib2.final_cell_0181-1
740,0.6139777302742004,human2_lib2.final_cell_0182-1
741,0.5768203139305115,human2_lib2.final_cell_0183-1
742,0.7022972702980042,human2_lib2.final_cell_0184-1
743,0.5082961916923523,human2_lib2.final_cell_0185-1
744,0.9990168213844299,human2_lib2.final_cell_0186-1
745,1.989061713218689,human2_lib2.final_cell_0187-1
746,0.6593722105026245,human2_lib2.final_cell_0188-1
747,1.4647877216339111,human2_lib2.final_cell_0189-1
748,0.3845422863960266,human2_lib2.final_cell_0190-1
749,1.9559242725372314,human2_lib2.final_cell_0191-1
750,0.559764564037323,human2_lib2.final_cell_0192-1
751,1.989061713218689,human2_lib2.final_cell_0193-1
752,0.5973072648048401,human2_lib2.final_cell_0194-1
753,0.9085472226142883,human2_lib2.final_cell_0195-1
754,1.2034140825271606,human2_lib2.final_cell_0196-1
755,2.1907124519348145,human2_lib2.final_cell_0197-1
756,0.5067529678344727,human2_lib2.final_cell_0198-1
757,0.5621902346611023,human2_lib2.final_cell_0199-1
758,1.989061713218689,human2_lib2.final_cell_0200-1
759,2.183288335800171,human2_lib2.final_cell_0201-1
760,0.3845422863960266,human2_lib2.final_cell_0202-1
761,0.894999086856842,human2_lib2.final_cell_0203-1
762,0.720017671585083,human2_lib2.final_cell_0204-1
763,1.6736671924591064,human2_lib2.final_cell_0205-1
764,0.3845422863960266,human2_lib2.final_cell_0206-1
765,1.8786038160324097,human2_lib2.final_cell_0207-1
766,0.3845422863960266,human2_lib2.final_cell_0208-1
767,0.48370686173439026,human2_lib2.final_cell_0209-1
768,0.3845422863960266,human2_lib2.final_cell_0210-1
769,0.3845422863960266,human2_lib2.final_cell_0211-1
770,0.3845422863960266,human2_lib2.final_cell_0212-1
771,0.5253595113754272,human2_lib2.final_cell_0213-1
772,1.6167972087860107,human2_lib2.final_cell_0214-1
773,0.3845422863960266,human2_lib2.final_cell_0215-1
774,0.4540133476257324,human2_lib2.final_cell_0216-1
775,0.3845422863960266,human2_lib2.final_cell_0217-1
776,1.8885698318481445,human2_lib2.final_cell_0218-1
777,1.6267350912094116,human2_lib2.final_cell_0219-1
778,1.57871413230896,human2_lib2.final_cell_0220-1
779,1.9447259902954102,human2_lib2.final_cell_0221-1
780,0.3845422863960266,human2_lib2.final_cell_0222-1
781,0.5407969951629639,human2_lib2.final_cell_0223-1
782,0.3845422863960266,human2_lib2.final_cell_0224-1
783,0.3845422863960266,human2_lib2.final_cell_0225-1
784,1.624751091003418,human2_lib2.final_cell_0226-1
785,0.5232697129249573,human2_lib2.final_cell_0227-1
786,0.3979780077934265,human2_lib2.final_cell_0228-1
787,0.5228495001792908,human2_lib2.final_cell_0229-1
788,0.594981849193573,human2_lib2.final_cell_0230-1
789,0.5573853254318237,human2_lib2.final_cell_0231-1
790,0.5875791311264038,human2_lib2.final_cell_0232-1
791,1.8749667406082153,human2_lib2.final_cell_0233-1
792,1.9228425025939941,human2_lib2.final_cell_0234-1
793,0.3845422863960266,human2_lib2.final_cell_0235-1
794,2.140772819519043,human2_lib2.final_cell_0236-1
795,0.3845422863960266,human2_lib2.final_cell_0237-1
796,0.5057508945465088,human2_lib2.final_cell_0238-1
797,0.8643460869789124,human2_lib2.final_cell_0239-1
798,1.887675404548645,human2_lib2.final_cell_0240-1
799,0.7363010048866272,human2_lib2.final_cell_0241-1
800,0.7122793793678284,human2_lib2.final_cell_0242-1
801,2.2938098907470703,human2_lib2.final_cell_0243-1
802,0.624376654624939,human2_lib2.final_cell_0244-1
803,0.3845422863960266,human2_lib2.final_cell_0245-1
804,0.8297125101089478,human2_lib2.final_cell_0246-1
805,1.9589648246765137,human2_lib2.final_cell_0247-1
806,0.47816917300224304,human2_lib2.final_cell_0248-1
807,0.42954713106155396,human2_lib2.final_cell_0249-1
808,2.281433343887329,human2_lib2.final_cell_0250-1
809,0.3845422863960266,human2_lib2.final_cell_0251-1
810,0.653935432434082,human2_lib2.final_cell_0252-1
811,1.092224359512329,human2_lib2.final_cell_0253-1
812,0.45497995615005493,human2_lib2.final_cell_0254-1
813,0.5193712711334229,human2_lib2.final_cell_0255-1
814,0.40205344557762146,human2_lib2.final_cell_0256-1
815,0.3845422863960266,human2_lib2.final_cell_0257-1
816,0.7926623225212097,human2_lib2.final_cell_0258-1
817,0.3845422863960266,human2_lib2.final_cell_0259-1
818,0.7157837748527527,human2_lib2.final_cell_0260-1
819,0.3882185220718384,human2_lib2.final_cell_0261-1
820,1.7773600816726685,human2_lib2.final_cell_0262-1
821,1.989061713218689,human2_lib2.final_cell_0263-1
822,1.8165106773376465,human2_lib2.final_cell_0264-1
823,0.7351119518280029,human2_lib2.final_cell_0265-1
824,0.38944655656814575,human2_lib2.final_cell_0266-1
825,0.3845422863960266,human2_lib2.final_cell_0267-1
826,0.3845422863960266,human2_lib2.final_cell_0268-1
827,0.8859217762947083,human2_lib2.final_cell_0269-1
828,0.7338649034500122,human2_lib2.final_cell_0270-1
829,0.7689421772956848,human2_lib2.final_cell_0271-1
830,1.7601450681686401,human2_lib2.final_cell_0272-1
831,1.5753194093704224,human2_lib2.final_cell_0273-1
832,0.863236129283905,human2_lib2.final_cell_0274-1
833,0.8485909700393677,human2_lib2.final_cell_0275-1
834,0.3879985809326172,human2_lib2.final_cell_0276-1
835,1.989061713218689,human2_lib2.final_cell_0277-1
836,0.5650681853294373,human2_lib2.final_cell_0278-1
837,1.4441797733306885,human2_lib2.final_cell_0279-1
838,1.989061713218689,human2_lib2.final_cell_0280-1
839,0.3845422863960266,human2_lib2.final_cell_0281-1
840,2.2339065074920654,human2_lib2.final_cell_0282-1
841,0.4371471703052521,human2_lib2.final_cell_0283-1
842,1.9096570014953613,human2_lib2.final_cell_0284-1
843,0.5038785934448242,human2_lib2.final_cell_0285-1
844,0.45885810256004333,human2_lib2.final_cell_0286-1
845,0.3845422863960266,human2_lib2.final_cell_0287-1
846,0.5336337089538574,human2_lib2.final_cell_0288-1
847,0.3845422863960266,human2_lib2.final_cell_0289-1
848,2.231558084487915,human2_lib2.final_cell_0290-1
849,0.3845422863960266,human2_lib2.final_cell_0291-1
850,0.4881584048271179,human2_lib2.final_cell_0292-1
851,0.3845422863960266,human2_lib2.final_cell_0293-1
852,0.4330047369003296,human2_lib2.final_cell_0294-1
853,0.3845422863960266,human2_lib2.final_cell_0295-1
854,0.6266759634017944,human2_lib2.final_cell_0296-1
855,0.40256884694099426,human2_lib2.final_cell_0297-1
856,1.0097397565841675,human2_lib2.final_cell_0298-1
857,0.3845422863960266,human2_lib2.final_cell_0299-1
858,0.3845422863960266,human2_lib2.final_cell_0300-1
859,0.7444773316383362,human2_lib2.final_cell_0301-1
860,0.3845422863960266,human2_lib2.final_cell_0302-1
861,0.3845422863960266,human2_lib2.final_cell_0303-1
862,0.3845422863960266,human2_lib2.final_cell_0304-1
863,0.6395484805107117,human2_lib2.final_cell_0305-1
864,1.8146519660949707,human2_lib2.final_cell_0306-1
865,0.3845422863960266,human2_lib2.final_cell_0307-1
866,2.0083725452423096,human2_lib2.final_cell_0308-1
867,0.4320240914821625,human2_lib2.final_cell_0309-1
868,0.5005750060081482,human2_lib2.final_cell_0310-1
869,0.3845422863960266,human2_lib2.final_cell_0311-1
870,0.3845422863960266,human2_lib2.final_cell_0312-1
871,0.40028825402259827,human2_lib2.final_cell_0313-1
872,1.5604156255722046,human2_lib2.final_cell_0314-1
873,0.4277394115924835,human2_lib2.final_cell_0315-1
874,0.4311973750591278,human2_lib2.final_cell_0316-1
875,0.45467066764831543,human2_lib2.final_cell_0317-1
876,0.3845422863960266,human2_lib2.final_cell_0318-1
877,0.3845422863960266,human2_lib2.final_cell_0319-1
878,0.5062170028686523,human2_lib2.final_cell_0320-1
879,1.6412334442138672,human2_lib2.final_cell_0321-1
880,0.3845422863960266,human2_lib2.final_cell_0322-1
881,2.2938098907470703,human2_lib2.final_cell_0323-1
882,0.3845422863960266,human2_lib2.final_cell_0324-1
883,0.5745617747306824,human2_lib2.final_cell_0325-1
884,0.3845422863960266,human2_lib2.final_cell_0326-1
885,0.6971635222434998,human2_lib2.final_cell_0327-1
886,0.4355698227882385,human2_lib2.final_cell_0328-1
887,0.3845422863960266,human2_lib2.final_cell_0329-1
888,0.3845422863960266,human2_lib2.final_cell_0330-1
889,1.929630160331726,human2_lib2.final_cell_0331-1
890,0.5262057781219482,human2_lib2.final_cell_0332-1
891,0.3845422863960266,human2_lib2.final_cell_0333-1
892,2.306347608566284,human2_lib2.final_cell_0334-1
893,0.44717925786972046,human2_lib2.final_cell_0335-1
894,1.3182178735733032,human2_lib2.final_cell_0336-1
895,0.3845422863960266,human2_lib2.final_cell_0337-1
896,0.6872256994247437,human2_lib2.final_cell_0338-1
897,0.6870058178901672,human2_lib2.final_cell_0339-1
898,0.3845422863960266,human2_lib2.final_cell_0340-1
899,0.4074043035507202,human2_lib2.final_cell_0341-1
900,0.39410510659217834,human2_lib2.final_cell_0342-1
901,1.5902888774871826,human2_lib2.final_cell_0343-1
902,0.9199578166007996,human2_lib2.final_cell_0344-1
903,0.6330406665802002,human2_lib2.final_cell_0345-1
904,2.2673964500427246,human2_lib2.final_cell_0346-1
905,3.083728551864624,human2_lib2.final_cell_0347-1
906,1.9228425025939941,human2_lib2.final_cell_0348-1
907,0.4165746569633484,human2_lib2.final_cell_0349-1
908,0.3845422863960266,human2_lib2.final_cell_0350-1
909,0.5946916341781616,human2_lib2.final_cell_0351-1
910,0.3845422863960266,human2_lib2.final_cell_0352-1
911,3.083728551864624,human2_lib2.final_cell_0353-1
912,0.4204533100128174,human2_lib2.final_cell_0354-1
913,0.4318591058254242,human2_lib2.final_cell_0355-1
914,0.3845422863960266,human2_lib2.final_cell_0356-1
915,0.45669350028038025,human2_lib2.final_cell_0357-1
916,2.2938098907470703,human2_lib2.final_cell_0358-1
917,0.926150381565094,human2_lib2.final_cell_0359-1
918,0.3845422863960266,human2_lib2.final_cell_0360-1
919,1.8907560110092163,human2_lib2.final_cell_0361-1
920,2.2235419750213623,human2_lib2.final_cell_0362-1
921,0.3845422863960266,human2_lib2.final_cell_0363-1
922,0.4302002489566803,human2_lib2.final_cell_0364-1
923,1.989061713218689,human2_lib2.final_cell_0365-1
924,1.1787265539169312,human2_lib2.final_cell_0366-1
925,0.38980191946029663,human2_lib2.final_cell_0367-1
926,0.38687682151794434,human2_lib2.final_cell_0368-1
927,1.7847875356674194,human2_lib2.final_cell_0369-1
928,0.640870213508606,human2_lib2.final_cell_0370-1
929,3.083728551864624,human2_lib2.final_cell_0371-1
930,0.4510815739631653,human2_lib2.final_cell_0372-1
931,0.44155988097190857,human2_lib2.final_cell_0373-1
932,0.3845422863960266,human2_lib2.final_cell_0374-1
933,2.2938098907470703,human2_lib2.final_cell_0375-1
934,1.5591652393341064,human2_lib2.final_cell_0376-1
935,0.3845422863960266,human2_lib2.final_cell_0377-1
936,1.0403363704681396,human2_lib2.final_cell_0378-1
937,0.3845422863960266,human2_lib2.final_cell_0379-1
938,0.3845422863960266,human2_lib2.final_cell_0380-1
939,1.6389415264129639,human2_lib2.final_cell_0381-1
940,2.2938098907470703,human2_lib2.final_cell_0382-1
941,2.2235419750213623,human2_lib2.final_cell_0383-1
942,2.1506714820861816,human2_lib2.final_cell_0384-1
943,0.4715659022331238,human2_lib2.final_cell_0385-1
944,2.2938098907470703,human2_lib2.final_cell_0386-1
945,0.6446201801300049,human2_lib2.final_cell_0387-1
946,1.9176687002182007,human2_lib2.final_cell_0388-1
947,3.083728551864624,human2_lib2.final_cell_0389-1
948,0.4247495234012604,human2_lib2.final_cell_0390-1
949,2.1388802528381348,human2_lib2.final_cell_0391-1
950,0.4977981746196747,human2_lib2.final_cell_0392-1
951,1.822798490524292,human2_lib2.final_cell_0393-1
952,1.9228425025939941,human2_lib2.final_cell_0394-1
953,0.48913443088531494,human2_lib2.final_cell_0395-1
954,0.38565027713775635,human2_lib2.final_cell_0396-1
955,0.5225853323936462,human2_lib2.final_cell_0397-1
956,0.4551812708377838,human2_lib2.final_cell_0398-1
957,0.7096180319786072,human2_lib2.final_cell_0399-1
958,0.39097723364830017,human2_lib2.final_cell_0400-1
959,2.0771868228912354,human2_lib2.final_cell_0401-1
960,0.5090451240539551,human2_lib2.final_cell_0402-1
961,2.2235419750213623,human2_lib2.final_cell_0403-1
962,0.386059045791626,human2_lib2.final_cell_0404-1
963,0.3845422863960266,human2_lib2.final_cell_0405-1
964,0.3845422863960266,human2_lib2.final_cell_0406-1
965,0.3845422863960266,human2_lib2.final_cell_0407-1
966,0.550417959690094,human2_lib2.final_cell_0408-1
967,2.051339626312256,human2_lib2.final_cell_0409-1
968,1.9239531755447388,human2_lib2.final_cell_0410-1
969,1.0090069770812988,human2_lib2.final_cell_0411-1
970,0.3845422863960266,human2_lib2.final_cell_0412-1
971,0.807742178440094,human2_lib2.final_cell_0413-1
972,0.3845422863960266,human2_lib2.final_cell_0414-1
973,0.3845422863960266,human2_lib2.final_cell_0415-1
974,0.571100652217865,human2_lib2.final_cell_0416-1
975,0.3845422863960266,human2_lib2.final_cell_0417-1
976,0.3845422863960266,human2_lib2.final_cell_0418-1
977,0.4574762284755707,human2_lib2.final_cell_0419-1
978,1.989061713218689,human2_lib2.final_cell_0420-1
979,1.2801164388656616,human2_lib2.final_cell_0421-1
980,0.3845422863960266,human2_lib2.final_cell_0422-1
981,0.4116440415382385,human2_lib2.final_cell_0423-1
982,0.6232444047927856,human2_lib2.final_cell_0424-1
983,0.40866580605506897,human2_lib2.final_cell_0425-1
984,0.9494282603263855,human2_lib2.final_cell_0426-1
985,0.47950857877731323,human2_lib2.final_cell_0427-1
986,0.6426446437835693,human2_lib2.final_cell_0428-1
987,2.2938098907470703,human2_lib2.final_cell_0429-1
988,1.9228425025939941,human2_lib2.final_cell_0430-1
989,0.6260659098625183,human2_lib2.final_cell_0431-1
990,1.12305748462677,human2_lib2.final_cell_0432-1
991,0.4502936601638794,human2_lib2.final_cell_0433-1
992,0.8591091632843018,human2_lib2.final_cell_0434-1
993,0.7708736658096313,human2_lib2.final_cell_0435-1
994,0.3845422863960266,human2_lib2.final_cell_0436-1
995,0.4890625774860382,human2_lib2.final_cell_0437-1
996,2.2235419750213623,human2_lib2.final_cell_0438-1
997,0.5733263492584229,human2_lib2.final_cell_0439-1
998,0.7525457739830017,human2_lib2.final_cell_0440-1
999,0.39078807830810547,human2_lib2.final_cell_0441-1
1000,0.39466479420661926,human2_lib2.final_cell_0442-1
1001,2.164670467376709,human2_lib2.final_cell_0443-1
1002,0.4649752080440521,human2_lib2.final_cell_0444-1
1003,0.3845422863960266,human2_lib2.final_cell_0445-1
1004,0.3845422863960266,human2_lib2.final_cell_0446-1
1005,0.39983585476875305,human2_lib2.final_cell_0447-1
1006,2.169999122619629,human2_lib2.final_cell_0448-1
1007,0.569695770740509,human2_lib2.final_cell_0449-1
1008,0.4685334265232086,human2_lib2.final_cell_0450-1
1009,0.3845422863960266,human2_lib2.final_cell_0451-1
1010,0.3845422863960266,human2_lib2.final_cell_0452-1
1011,0.6630434989929199,human2_lib2.final_cell_0453-1
1012,1.2129638195037842,human2_lib2.final_cell_0454-1
1013,0.3845422863960266,human2_lib2.final_cell_0455-1
1014,0.5244877338409424,human2_lib2.final_cell_0456-1
1015,0.3845422863960266,human2_lib2.final_cell_0457-1
1016,0.7733003497123718,human2_lib2.final_cell_0458-1
1017,0.49894219636917114,human2_lib2.final_cell_0459-1
1018,0.3845422863960266,human2_lib2.final_cell_0460-1
1019,0.42740103602409363,human2_lib2.final_cell_0461-1
1020,2.2938098907470703,human2_lib2.final_cell_0462-1
1021,1.9341331720352173,human2_lib2.final_cell_0463-1
1022,0.3845422863960266,human2_lib2.final_cell_0464-1
1023,0.6496762633323669,human2_lib2.final_cell_0465-1
1024,0.3845422863960266,human2_lib2.final_cell_0466-1
1025,0.5173084735870361,human2_lib2.final_cell_0467-1
1026,1.7029236555099487,human2_lib2.final_cell_0468-1
1027,0.6326849460601807,human2_lib2.final_cell_0469-1
1028,0.3845422863960266,human2_lib2.final_cell_0470-1
1029,0.3877120614051819,human2_lib2.final_cell_0471-1
1030,0.5459384918212891,human2_lib2.final_cell_0472-1
1031,0.3845422863960266,human2_lib2.final_cell_0473-1
1032,0.409174382686615,human2_lib2.final_cell_0474-1
1033,0.4979088008403778,human2_lib2.final_cell_0475-1
1034,2.2938098907470703,human2_lib2.final_cell_0476-1
1035,0.3845422863960266,human2_lib2.final_cell_0477-1
1036,3.083728551864624,human2_lib2.final_cell_0478-1
1037,0.3845422863960266,human2_lib2.final_cell_0479-1
1038,0.6998640894889832,human2_lib2.final_cell_0480-1
1039,0.7864055633544922,human2_lib2.final_cell_0481-1
1040,0.49783191084861755,human2_lib2.final_cell_0482-1
1041,1.751304030418396,human2_lib2.final_cell_0483-1
1042,0.4748513698577881,human2_lib2.final_cell_0484-1
1043,1.3307292461395264,human2_lib2.final_cell_0485-1
1044,0.3845422863960266,human2_lib2.final_cell_0486-1
1045,0.4334883391857147,human2_lib2.final_cell_0487-1
1046,0.578247606754303,human2_lib2.final_cell_0488-1
1047,0.44122329354286194,human2_lib2.final_cell_0489-1
1048,0.5185813903808594,human2_lib2.final_cell_0490-1
1049,0.3967916965484619,human2_lib2.final_cell_0491-1
1050,0.3845422863960266,human2_lib2.final_cell_0492-1
1051,0.3845422863960266,human2_lib2.final_cell_0493-1
1052,0.3845422863960266,human2_lib2.final_cell_0494-1
1053,0.3845422863960266,human2_lib2.final_cell_0495-1
1054,1.2775694131851196,human2_lib2.final_cell_0496-1
1055,0.3845422863960266,human2_lib2.final_cell_0497-1
1056,0.468649685382843,human2_lib2.final_cell_0498-1
1057,1.8110411167144775,human2_lib2.final_cell_0499-1
1058,2.0577173233032227,human2_lib2.final_cell_0500-1
1059,1.3737543821334839,human2_lib2.final_cell_0501-1
1060,0.4041922688484192,human2_lib2.final_cell_0502-1
1061,0.6476441025733948,human2_lib2.final_cell_0503-1
1062,1.9228425025939941,human2_lib2.final_cell_0504-1
1063,0.3845422863960266,human2_lib2.final_cell_0505-1
1064,0.44218018651008606,human2_lib2.final_cell_0506-1
1065,0.6035613417625427,human2_lib2.final_cell_0507-1
1066,0.8848679065704346,human2_lib2.final_cell_0508-1
1067,0.5467405319213867,human2_lib2.final_cell_0509-1
1068,1.98015296459198,human2_lib2.final_cell_0510-1
1069,0.5860599279403687,human2_lib2.final_cell_0511-1
1070,0.43890318274497986,human2_lib2.final_cell_0512-1
1071,0.8166576027870178,human2_lib2.final_cell_0513-1
1072,2.2235419750213623,human2_lib2.final_cell_0514-1
1073,0.5059425234794617,human2_lib2.final_cell_0515-1
1074,1.989061713218689,human2_lib2.final_cell_0516-1
1075,0.3845422863960266,human2_lib2.final_cell_0517-1
1076,0.3845422863960266,human2_lib2.final_cell_0518-1
1077,0.4725472331047058,human2_lib2.final_cell_0519-1
1078,0.8556132912635803,human2_lib2.final_cell_0520-1
1079,0.7942666411399841,human2_lib2.final_cell_0521-1
1080,1.7621643543243408,human2_lib2.final_cell_0522-1
1081,1.942387580871582,human2_lib2.final_cell_0523-1
1082,0.3845422863960266,human2_lib2.final_cell_0524-1
1083,0.7487425804138184,human2_lib2.final_cell_0525-1
1084,1.9228425025939941,human2_lib2.final_cell_0526-1
1085,0.8747119307518005,human2_lib2.final_cell_0527-1
1086,1.9228425025939941,human2_lib2.final_cell_0528-1
1087,0.3845422863960266,human2_lib2.final_cell_0529-1
1088,1.8100249767303467,human2_lib2.final_cell_0530-1
1089,0.49183639883995056,human2_lib2.final_cell_0531-1
1090,0.3845422863960266,human2_lib2.final_cell_0532-1
1091,0.4005606770515442,human2_lib2.final_cell_0533-1
1092,0.4496181607246399,human2_lib2.final_cell_0534-1
1093,0.41878944635391235,human2_lib2.final_cell_0535-1
1094,1.4134751558303833,human2_lib2.final_cell_0536-1
1095,0.39410510659217834,human2_lib2.final_cell_0537-1
1096,0.3845422863960266,human2_lib2.final_cell_0538-1
1097,0.41815194487571716,human2_lib2.final_cell_0539-1
1098,1.9228425025939941,human2_lib2.final_cell_0540-1
1099,0.38777387142181396,human2_lib2.final_cell_0541-1
1100,0.3845422863960266,human2_lib2.final_cell_0542-1
1101,2.2938098907470703,human2_lib2.final_cell_0543-1
1102,0.821406364440918,human2_lib2.final_cell_0544-1
1103,0.3845422863960266,human2_lib2.final_cell_0545-1
1104,0.5381641983985901,human2_lib2.final_cell_0546-1
1105,0.6158427000045776,human2_lib2.final_cell_0547-1
1106,0.4715751111507416,human2_lib2.final_cell_0548-1
1107,0.5451399087905884,human2_lib2.final_cell_0549-1
1108,0.8670702576637268,human2_lib2.final_cell_0550-1
1109,1.8310154676437378,human2_lib2.final_cell_0551-1
1110,0.5281589031219482,human2_lib2.final_cell_0552-1
1111,2.094522714614868,human2_lib2.final_cell_0553-1
1112,0.3845422863960266,human2_lib2.final_cell_0554-1
1113,1.737804889678955,human2_lib2.final_cell_0555-1
1114,0.5669726729393005,human2_lib2.final_cell_0556-1
1115,0.3845422863960266,human2_lib2.final_cell_0557-1
1116,0.46268221735954285,human2_lib2.final_cell_0558-1
1117,2.2938098907470703,human2_lib2.final_cell_0559-1
1118,0.6325371861457825,human2_lib2.final_cell_0560-1
1119,0.3845422863960266,human2_lib2.final_cell_0561-1
1120,2.2938098907470703,human2_lib2.final_cell_0562-1
1121,1.8427361249923706,human2_lib2.final_cell_0563-1
1122,0.8123618364334106,human2_lib2.final_cell_0564-1
1123,2.2938098907470703,human2_lib2.final_cell_0565-1
1124,2.123035430908203,human2_lib2.final_cell_0566-1
1125,0.5538358092308044,human2_lib2.final_cell_0567-1
1126,2.2938098907470703,human2_lib2.final_cell_0568-1
1127,1.357690453529358,human2_lib2.final_cell_0569-1
1128,0.9373154640197754,human2_lib2.final_cell_0570-1
1129,2.2938098907470703,human2_lib2.final_cell_0571-1
1130,0.5977487564086914,human2_lib2.final_cell_0572-1
1131,0.6483046412467957,human2_lib2.final_cell_0573-1
1132,1.2410614490509033,human2_lib2.final_cell_0574-1
1133,0.7146459817886353,human2_lib2.final_cell_0575-1
1134,1.4891232252120972,human2_lib2.final_cell_0576-1
1135,0.6993518471717834,human2_lib2.final_cell_0577-1
1136,1.989061713218689,human2_lib2.final_cell_0578-1
1137,0.6469287872314453,human2_lib2.final_cell_0579-1
1138,1.7093770503997803,human2_lib2.final_cell_0580-1
1139,0.9020932912826538,human2_lib2.final_cell_0581-1
1140,1.9228425025939941,human2_lib2.final_cell_0582-1
1141,1.989061713218689,human2_lib2.final_cell_0583-1
1142,0.5277845859527588,human2_lib2.final_cell_0584-1
1143,0.5413299798965454,human2_lib2.final_cell_0585-1
1144,1.713526725769043,human2_lib2.final_cell_0586-1
1145,0.6608762741088867,human2_lib2.final_cell_0587-1
1146,0.7435443997383118,human2_lib2.final_cell_0588-1
1147,1.370492696762085,human2_lib2.final_cell_0589-1
1148,1.9228425025939941,human2_lib2.final_cell_0590-1
1149,0.839773416519165,human2_lib2.final_cell_0591-1
1150,0.9169822335243225,human2_lib2.final_cell_0592-1
1151,0.3845422863960266,human2_lib2.final_cell_0593-1
1152,0.6106266975402832,human2_lib2.final_cell_0594-1
1153,0.6915524005889893,human2_lib2.final_cell_0595-1
1154,1.8607993125915527,human2_lib2.final_cell_0596-1
1155,0.46988895535469055,human2_lib2.final_cell_0597-1
1156,0.7707703709602356,human2_lib2.final_cell_0598-1
1157,2.2235419750213623,human2_lib2.final_cell_0599-1
1158,0.6725289821624756,human2_lib2.final_cell_0600-1
1159,0.4310113787651062,human2_lib3.final_cell_0001-1
1160,0.439737468957901,human2_lib3.final_cell_0002-1
1161,0.5465956926345825,human2_lib3.final_cell_0003-1
1162,1.6042492389678955,human2_lib3.final_cell_0004-1
1163,2.2235419750213623,human2_lib3.final_cell_0005-1
1164,0.3845422863960266,human2_lib3.final_cell_0006-1
1165,0.7120726704597473,human2_lib3.final_cell_0007-1
1166,1.8141777515411377,human2_lib3.final_cell_0008-1
1167,0.3845422863960266,human2_lib3.final_cell_0009-1
1168,0.7171571850776672,human2_lib3.final_cell_0010-1
1169,1.8124544620513916,human2_lib3.final_cell_0011-1
1170,0.4283410608768463,human2_lib3.final_cell_0012-1
1171,2.0938403606414795,human2_lib3.final_cell_0013-1
1172,0.6399336457252502,human2_lib3.final_cell_0014-1
1173,1.989061713218689,human2_lib3.final_cell_0015-1
1174,0.38590919971466064,human2_lib3.final_cell_0016-1
1175,1.989061713218689,human2_lib3.final_cell_0017-1
1176,2.178192615509033,human2_lib3.final_cell_0018-1
1177,0.6586441993713379,human2_lib3.final_cell_0019-1
1178,0.5618134140968323,human2_lib3.final_cell_0020-1
1179,0.639691948890686,human2_lib3.final_cell_0021-1
1180,0.9162836074829102,human2_lib3.final_cell_0022-1
1181,0.40436410903930664,human2_lib3.final_cell_0023-1
1182,0.4923744797706604,human2_lib3.final_cell_0024-1
1183,0.5587427616119385,human2_lib3.final_cell_0025-1
1184,0.6976696252822876,human2_lib3.final_cell_0026-1
1185,1.9874485731124878,human2_lib3.final_cell_0027-1
1186,2.1128365993499756,human2_lib3.final_cell_0028-1
1187,2.2235419750213623,human2_lib3.final_cell_0029-1
1188,1.9505590200424194,human2_lib3.final_cell_0030-1
1189,0.4255622625350952,human2_lib3.final_cell_0031-1
1190,0.40956318378448486,human2_lib3.final_cell_0032-1
1191,0.6127141118049622,human2_lib3.final_cell_0033-1
1192,0.3845422863960266,human2_lib3.final_cell_0034-1
1193,0.8040193319320679,human2_lib3.final_cell_0035-1
1194,2.2235419750213623,human2_lib3.final_cell_0036-1
1195,1.0335084199905396,human2_lib3.final_cell_0037-1
1196,0.3850940465927124,human2_lib3.final_cell_0038-1
1197,0.7629189491271973,human2_lib3.final_cell_0039-1
1198,0.3845422863960266,human2_lib3.final_cell_0040-1
1199,0.4290907084941864,human2_lib3.final_cell_0041-1
1200,0.3845422863960266,human2_lib3.final_cell_0042-1
1201,0.7999705672264099,human2_lib3.final_cell_0043-1
1202,2.0086216926574707,human2_lib3.final_cell_0044-1
1203,0.39809802174568176,human2_lib3.final_cell_0045-1
1204,0.3845422863960266,human2_lib3.final_cell_0046-1
1205,0.4418680667877197,human2_lib3.final_cell_0047-1
1206,0.7192948460578918,human2_lib3.final_cell_0048-1
1207,0.4844440221786499,human2_lib3.final_cell_0049-1
1208,0.6810979843139648,human2_lib3.final_cell_0050-1
1209,0.3845422863960266,human2_lib3.final_cell_0051-1
1210,0.39424678683280945,human2_lib3.final_cell_0052-1
1211,1.3935272693634033,human2_lib3.final_cell_0053-1
1212,0.44590654969215393,human2_lib3.final_cell_0054-1
1213,0.48514804244041443,human2_lib3.final_cell_0055-1
1214,0.3845422863960266,human2_lib3.final_cell_0056-1
1215,2.2938098907470703,human2_lib3.final_cell_0057-1
1216,2.2235419750213623,human2_lib3.final_cell_0058-1
1217,0.3845422863960266,human2_lib3.final_cell_0059-1
1218,0.8313286900520325,human2_lib3.final_cell_0060-1
1219,0.3845422863960266,human2_lib3.final_cell_0061-1
1220,2.2938098907470703,human2_lib3.final_cell_0062-1
1221,0.3845422863960266,human2_lib3.final_cell_0063-1
1222,2.1775152683258057,human2_lib3.final_cell_0064-1
1223,0.3845422863960266,human2_lib3.final_cell_0065-1
1224,2.2235419750213623,human2_lib3.final_cell_0066-1
1225,0.3845422863960266,human2_lib3.final_cell_0067-1
1226,1.0567684173583984,human2_lib3.final_cell_0068-1
1227,0.47671520709991455,human2_lib3.final_cell_0069-1
1228,0.3845422863960266,human2_lib3.final_cell_0070-1
1229,0.3845422863960266,human2_lib3.final_cell_0071-1
1230,0.391095370054245,human2_lib3.final_cell_0072-1
1231,0.3845422863960266,human2_lib3.final_cell_0073-1
1232,0.3845422863960266,human2_lib3.final_cell_0074-1
1233,0.3845422863960266,human2_lib3.final_cell_0075-1
1234,1.9228425025939941,human2_lib3.final_cell_0076-1
1235,1.9228425025939941,human2_lib3.final_cell_0077-1
1236,1.9588797092437744,human2_lib3.final_cell_0078-1
1237,0.670147180557251,human2_lib3.final_cell_0079-1
1238,1.6737580299377441,human2_lib3.final_cell_0080-1
1239,2.0441153049468994,human2_lib3.final_cell_0081-1
1240,0.5004488825798035,human2_lib3.final_cell_0082-1
1241,0.3855225443840027,human2_lib3.final_cell_0083-1
1242,0.389576256275177,human2_lib3.final_cell_0084-1
1243,0.3879850208759308,human2_lib3.final_cell_0085-1
1244,2.1323702335357666,human2_lib3.final_cell_0086-1
1245,0.45584625005722046,human2_lib3.final_cell_0087-1
1246,0.7307731509208679,human2_lib3.final_cell_0088-1
1247,0.5024278163909912,human2_lib3.final_cell_0089-1
1248,0.3845422863960266,human2_lib3.final_cell_0090-1
1249,2.2235419750213623,human2_lib3.final_cell_0091-1
1250,1.8703124523162842,human2_lib3.final_cell_0092-1
1251,0.5699712634086609,human2_lib3.final_cell_0093-1
1252,0.3845422863960266,human2_lib3.final_cell_0094-1
1253,0.6407520174980164,human2_lib3.final_cell_0095-1
1254,0.4802021086215973,human2_lib3.final_cell_0096-1
1255,2.2938098907470703,human2_lib3.final_cell_0097-1
1256,0.5023149251937866,human2_lib3.final_cell_0098-1
1257,2.2938098907470703,human2_lib3.final_cell_0099-1
1258,2.0117642879486084,human2_lib3.final_cell_0100-1
1259,0.3845422863960266,human2_lib3.final_cell_0101-1
1260,2.2110021114349365,human2_lib3.final_cell_0102-1
1261,2.2235419750213623,human2_lib3.final_cell_0103-1
1262,0.3845422863960266,human2_lib3.final_cell_0104-1
1263,0.44483208656311035,human2_lib3.final_cell_0105-1
1264,0.5637702345848083,human2_lib3.final_cell_0106-1
1265,0.6629325151443481,human2_lib3.final_cell_0107-1
1266,2.2938098907470703,human2_lib3.final_cell_0108-1
1267,0.5850406885147095,human2_lib3.final_cell_0109-1
1268,0.6128852367401123,human2_lib3.final_cell_0110-1
1269,1.989061713218689,human2_lib3.final_cell_0111-1
1270,2.0304436683654785,human2_lib3.final_cell_0112-1
1271,0.3845422863960266,human2_lib3.final_cell_0113-1
1272,1.6641106605529785,human2_lib3.final_cell_0114-1
1273,2.2235419750213623,human2_lib3.final_cell_0115-1
1274,0.3845422863960266,human2_lib3.final_cell_0116-1
1275,2.2938098907470703,human2_lib3.final_cell_0117-1
1276,0.3845422863960266,human2_lib3.final_cell_0118-1
1277,2.0732789039611816,human2_lib3.final_cell_0119-1
1278,1.0548630952835083,human2_lib3.final_cell_0120-1
1279,0.5159081220626831,human2_lib3.final_cell_0121-1
1280,0.3845422863960266,human2_lib3.final_cell_0122-1
1281,0.5564201474189758,human2_lib3.final_cell_0123-1
1282,2.2938098907470703,human2_lib3.final_cell_0124-1
1283,1.989061713218689,human2_lib3.final_cell_0125-1
1284,0.7805923819541931,human2_lib3.final_cell_0126-1
1285,0.4236476421356201,human2_lib3.final_cell_0127-1
1286,0.42270857095718384,human2_lib3.final_cell_0128-1
1287,0.4562838077545166,human2_lib3.final_cell_0129-1
1288,0.6463074088096619,human2_lib3.final_cell_0130-1
1289,2.2738351821899414,human2_lib3.final_cell_0131-1
1290,0.4709697365760803,human2_lib3.final_cell_0132-1
1291,0.7706926465034485,human2_lib3.final_cell_0133-1
1292,1.1424810886383057,human2_lib3.final_cell_0134-1
1293,0.5487399697303772,human2_lib3.final_cell_0135-1
1294,0.5681195259094238,human2_lib3.final_cell_0136-1
1295,0.4542234539985657,human2_lib3.final_cell_0137-1
1296,0.3845422863960266,human2_lib3.final_cell_0138-1
1297,0.3845422863960266,human2_lib3.final_cell_0139-1
1298,0.3845422863960266,human2_lib3.final_cell_0140-1
1299,0.9856057167053223,human2_lib3.final_cell_0141-1
1300,0.3845422863960266,human2_lib3.final_cell_0142-1
1301,0.3845422863960266,human2_lib3.final_cell_0143-1
1302,1.989061713218689,human2_lib3.final_cell_0144-1
1303,0.5890367031097412,human2_lib3.final_cell_0145-1
1304,0.6765056252479553,human2_lib3.final_cell_0146-1
1305,1.9228425025939941,human2_lib3.final_cell_0147-1
1306,1.887047529220581,human2_lib3.final_cell_0148-1
1307,1.2580671310424805,human2_lib3.final_cell_0149-1
1308,0.3845422863960266,human2_lib3.final_cell_0150-1
1309,0.43774616718292236,human2_lib3.final_cell_0151-1
1310,0.3983137905597687,human2_lib3.final_cell_0152-1
1311,0.5643823146820068,human2_lib3.final_cell_0153-1
1312,0.3845422863960266,human2_lib3.final_cell_0154-1
1313,2.2938098907470703,human2_lib3.final_cell_0155-1
1314,1.7738240957260132,human2_lib3.final_cell_0156-1
1315,0.3845422863960266,human2_lib3.final_cell_0157-1
1316,2.1552016735076904,human2_lib3.final_cell_0158-1
1317,0.4664055407047272,human2_lib3.final_cell_0159-1
1318,0.7469885349273682,human2_lib3.final_cell_0160-1
1319,0.6254169940948486,human2_lib3.final_cell_0161-1
1320,2.193700075149536,human2_lib3.final_cell_0162-1
1321,0.4062484800815582,human2_lib3.final_cell_0163-1
1322,0.43063583970069885,human2_lib3.final_cell_0164-1
1323,0.5663575530052185,human2_lib3.final_cell_0165-1
1324,2.2938098907470703,human2_lib3.final_cell_0166-1
1325,2.18526291847229,human2_lib3.final_cell_0167-1
1326,1.989061713218689,human2_lib3.final_cell_0168-1
1327,1.4963821172714233,human2_lib3.final_cell_0169-1
1328,1.5479234457015991,human2_lib3.final_cell_0170-1
1329,0.40138548612594604,human2_lib3.final_cell_0171-1
1330,0.43677622079849243,human2_lib3.final_cell_0172-1
1331,1.8360991477966309,human2_lib3.final_cell_0173-1
1332,0.4111630618572235,human2_lib3.final_cell_0174-1
1333,0.3845422863960266,human2_lib3.final_cell_0175-1
1334,0.3845422863960266,human2_lib3.final_cell_0176-1
1335,0.3845422863960266,human2_lib3.final_cell_0177-1
1336,0.42495036125183105,human2_lib3.final_cell_0178-1
1337,0.5216019749641418,human2_lib3.final_cell_0179-1
1338,0.6528596878051758,human2_lib3.final_cell_0180-1
1339,0.3845422863960266,human2_lib3.final_cell_0181-1
1340,0.5741806626319885,human2_lib3.final_cell_0182-1
1341,2.2688541412353516,human2_lib3.final_cell_0183-1
1342,0.3845422863960266,human2_lib3.final_cell_0184-1
1343,0.7683049440383911,human2_lib3.final_cell_0185-1
1344,0.3845422863960266,human2_lib3.final_cell_0186-1
1345,1.8411997556686401,human2_lib3.final_cell_0187-1
1346,0.5363039970397949,human2_lib3.final_cell_0188-1
1347,0.3845422863960266,human2_lib3.final_cell_0189-1
1348,0.3845422863960266,human2_lib3.final_cell_0190-1
1349,2.2235419750213623,human2_lib3.final_cell_0191-1
1350,0.6476564407348633,human2_lib3.final_cell_0192-1
1351,0.3845422863960266,human2_lib3.final_cell_0193-1
1352,2.2235419750213623,human2_lib3.final_cell_0194-1
1353,0.6004260182380676,human2_lib3.final_cell_0195-1
1354,2.192051649093628,human2_lib3.final_cell_0196-1
1355,0.5924851298332214,human2_lib3.final_cell_0197-1
1356,1.989061713218689,human2_lib3.final_cell_0198-1
1357,0.3845422863960266,human2_lib3.final_cell_0199-1
1358,2.0604004859924316,human2_lib3.final_cell_0200-1
1359,0.3845422863960266,human2_lib3.final_cell_0201-1
1360,0.557914674282074,human2_lib3.final_cell_0202-1
1361,0.3845422863960266,human2_lib3.final_cell_0203-1
1362,1.989061713218689,human2_lib3.final_cell_0204-1
1363,0.3845422863960266,human2_lib3.final_cell_0205-1
1364,0.47032931447029114,human2_lib3.final_cell_0206-1
1365,0.3845422863960266,human2_lib3.final_cell_0207-1
1366,3.083728551864624,human2_lib3.final_cell_0208-1
1367,2.2235419750213623,human2_lib3.final_cell_0209-1
1368,0.9395484328269958,human2_lib3.final_cell_0210-1
1369,0.5088093280792236,human2_lib3.final_cell_0211-1
1370,0.3845422863960266,human2_lib3.final_cell_0212-1
1371,0.42342403531074524,human2_lib3.final_cell_0213-1
1372,0.3845422863960266,human2_lib3.final_cell_0214-1
1373,0.7254076600074768,human2_lib3.final_cell_0215-1
1374,0.4728958308696747,human2_lib3.final_cell_0216-1
1375,1.8801226615905762,human2_lib3.final_cell_0217-1
1376,0.39116767048835754,human2_lib3.final_cell_0218-1
1377,0.4254331588745117,human2_lib3.final_cell_0219-1
1378,0.6119179129600525,human2_lib3.final_cell_0220-1
1379,0.3845422863960266,human2_lib3.final_cell_0221-1
1380,0.3845422863960266,human2_lib3.final_cell_0222-1
1381,1.0411168336868286,human2_lib3.final_cell_0223-1
1382,0.3845422863960266,human2_lib3.final_cell_0224-1
1383,0.48417794704437256,human2_lib3.final_cell_0225-1
1384,0.559088945388794,human2_lib3.final_cell_0226-1
1385,2.1901400089263916,human2_lib3.final_cell_0227-1
1386,0.3845422863960266,human2_lib3.final_cell_0228-1
1387,1.6361238956451416,human2_lib3.final_cell_0229-1
1388,2.2938098907470703,human2_lib3.final_cell_0230-1
1389,0.3845422863960266,human2_lib3.final_cell_0231-1
1390,0.406073659658432,human2_lib3.final_cell_0232-1
1391,1.9002965688705444,human2_lib3.final_cell_0233-1
1392,0.4936453104019165,human2_lib3.final_cell_0234-1
1393,0.8435676693916321,human2_lib3.final_cell_0235-1
1394,0.3845422863960266,human2_lib3.final_cell_0236-1
1395,1.9298644065856934,human2_lib3.final_cell_0237-1
1396,1.8102664947509766,human2_lib3.final_cell_0238-1
1397,1.0805397033691406,human2_lib3.final_cell_0239-1
1398,1.961794376373291,human2_lib3.final_cell_0240-1
1399,0.3845422863960266,human2_lib3.final_cell_0241-1
1400,0.3899453282356262,human2_lib3.final_cell_0242-1
1401,0.5076195001602173,human2_lib3.final_cell_0243-1
1402,0.7429850697517395,human2_lib3.final_cell_0244-1
1403,0.4480529725551605,human2_lib3.final_cell_0245-1
1404,0.846723735332489,human2_lib3.final_cell_0246-1
1405,2.2683651447296143,human2_lib3.final_cell_0247-1
1406,0.6017330288887024,human2_lib3.final_cell_0248-1
1407,0.4927254915237427,human2_lib3.final_cell_0249-1
1408,0.5817916393280029,human2_lib3.final_cell_0250-1
1409,2.2938098907470703,human2_lib3.final_cell_0251-1
1410,0.530168890953064,human2_lib3.final_cell_0252-1
1411,0.8368684649467468,human2_lib3.final_cell_0253-1
1412,1.739990472793579,human2_lib3.final_cell_0254-1
1413,0.43058547377586365,human2_lib3.final_cell_0255-1
1414,0.5814189910888672,human2_lib3.final_cell_0256-1
1415,0.7759973406791687,human2_lib3.final_cell_0257-1
1416,0.40673574805259705,human2_lib3.final_cell_0258-1
1417,0.46191656589508057,human2_lib3.final_cell_0259-1
1418,0.4837909936904907,human2_lib3.final_cell_0260-1
1419,0.6181617975234985,human2_lib3.final_cell_0261-1
1420,0.3845422863960266,human2_lib3.final_cell_0262-1
1421,0.50138920545578,human2_lib3.final_cell_0263-1
1422,0.40521782636642456,human2_lib3.final_cell_0264-1
1423,2.2549948692321777,human2_lib3.final_cell_0265-1
1424,0.5766509771347046,human2_lib3.final_cell_0266-1
1425,0.3845422863960266,human2_lib3.final_cell_0267-1
1426,1.5332424640655518,human2_lib3.final_cell_0268-1
1427,1.989061713218689,human2_lib3.final_cell_0269-1
1428,0.5466398000717163,human2_lib3.final_cell_0270-1
1429,1.9228425025939941,human2_lib3.final_cell_0271-1
1430,0.8343886137008667,human2_lib3.final_cell_0272-1
1431,2.006826400756836,human2_lib3.final_cell_0273-1
1432,1.9806087017059326,human2_lib3.final_cell_0274-1
1433,0.5821648836135864,human2_lib3.final_cell_0275-1
1434,0.3845422863960266,human2_lib3.final_cell_0276-1
1435,0.38990235328674316,human2_lib3.final_cell_0277-1
1436,0.3845422863960266,human2_lib3.final_cell_0278-1
1437,2.2938098907470703,human2_lib3.final_cell_0279-1
1438,2.242046594619751,human2_lib3.final_cell_0280-1
1439,1.5155633687973022,human2_lib3.final_cell_0281-1
1440,0.3845422863960266,human2_lib3.final_cell_0282-1
1441,0.3845422863960266,human2_lib3.final_cell_0283-1
1442,0.8841638565063477,human2_lib3.final_cell_0284-1
1443,0.3845422863960266,human2_lib3.final_cell_0285-1
1444,0.3845422863960266,human2_lib3.final_cell_0286-1
1445,0.7165336608886719,human2_lib3.final_cell_0287-1
1446,0.49525773525238037,human2_lib3.final_cell_0288-1
1447,2.027527093887329,human2_lib3.final_cell_0289-1
1448,0.5377373695373535,human2_lib3.final_cell_0290-1
1449,2.1922600269317627,human2_lib3.final_cell_0291-1
1450,3.083728551864624,human2_lib3.final_cell_0292-1
1451,1.0634711980819702,human2_lib3.final_cell_0293-1
1452,0.3845422863960266,human2_lib3.final_cell_0294-1
1453,0.5648118853569031,human2_lib3.final_cell_0295-1
1454,0.3950710594654083,human2_lib3.final_cell_0296-1
1455,1.8063631057739258,human2_lib3.final_cell_0297-1
1456,1.667901873588562,human2_lib3.final_cell_0298-1
1457,0.39824578166007996,human2_lib3.final_cell_0299-1
1458,0.7407582998275757,human2_lib3.final_cell_0300-1
1459,0.6039471626281738,human2_lib3.final_cell_0301-1
1460,1.1600323915481567,human2_lib3.final_cell_0302-1
1461,1.4488487243652344,human2_lib3.final_cell_0303-1
1462,0.3845422863960266,human2_lib3.final_cell_0304-1
1463,3.083728551864624,human2_lib3.final_cell_0305-1
1464,0.5193491578102112,human2_lib3.final_cell_0306-1
1465,0.7098390460014343,human2_lib3.final_cell_0307-1
1466,1.8462903499603271,human2_lib3.final_cell_0308-1
1467,0.5560622215270996,human2_lib3.final_cell_0309-1
1468,2.2938098907470703,human2_lib3.final_cell_0310-1
1469,0.9378307461738586,human2_lib3.final_cell_0311-1
1470,2.172776937484741,human2_lib3.final_cell_0312-1
1471,0.9917701482772827,human2_lib3.final_cell_0313-1
1472,0.5641127824783325,human2_lib3.final_cell_0314-1
1473,1.8837300539016724,human2_lib3.final_cell_0315-1
1474,0.46930620074272156,human2_lib3.final_cell_0316-1
1475,0.6176866888999939,human2_lib3.final_cell_0317-1
1476,1.989061713218689,human2_lib3.final_cell_0318-1
1477,2.2145144939422607,human2_lib3.final_cell_0319-1
1478,0.5289866328239441,human2_lib3.final_cell_0320-1
1479,0.3845422863960266,human2_lib3.final_cell_0321-1
1480,0.7685311436653137,human2_lib3.final_cell_0322-1
1481,2.2026455402374268,human2_lib3.final_cell_0323-1
1482,0.5810742974281311,human2_lib3.final_cell_0324-1
1483,0.3845422863960266,human2_lib3.final_cell_0325-1
1484,0.4012885093688965,human2_lib3.final_cell_0326-1
1485,1.989061713218689,human2_lib3.final_cell_0327-1
1486,1.4979242086410522,human2_lib3.final_cell_0328-1
1487,0.390499472618103,human2_lib3.final_cell_0329-1
1488,0.5779095888137817,human2_lib3.final_cell_0330-1
1489,0.8469502329826355,human2_lib3.final_cell_0331-1
1490,1.971854567527771,human2_lib3.final_cell_0332-1
1491,0.38515448570251465,human2_lib3.final_cell_0333-1
1492,0.7903717756271362,human2_lib3.final_cell_0334-1
1493,2.2235419750213623,human2_lib3.final_cell_0335-1
1494,0.4146152436733246,human2_lib3.final_cell_0336-1
1495,0.3973672091960907,human2_lib3.final_cell_0337-1
1496,0.9705221056938171,human2_lib3.final_cell_0338-1
1497,0.3845422863960266,human2_lib3.final_cell_0339-1
1498,0.4265861511230469,human2_lib3.final_cell_0340-1
1499,1.7107036113739014,human2_lib3.final_cell_0341-1
1500,0.5994923114776611,human2_lib3.final_cell_0342-1
1501,0.3845422863960266,human2_lib3.final_cell_0343-1
1502,2.2235419750213623,human2_lib3.final_cell_0344-1
1503,0.3845422863960266,human2_lib3.final_cell_0345-1
1504,0.43142756819725037,human2_lib3.final_cell_0346-1
1505,0.621664822101593,human2_lib3.final_cell_0347-1
1506,0.3845422863960266,human2_lib3.final_cell_0348-1
1507,3.083728551864624,human2_lib3.final_cell_0349-1
1508,0.4174744486808777,human2_lib3.final_cell_0350-1
1509,0.3845422863960266,human2_lib3.final_cell_0351-1
1510,1.8841552734375,human2_lib3.final_cell_0352-1
1511,0.5346717238426208,human2_lib3.final_cell_0353-1
1512,2.2938098907470703,human2_lib3.final_cell_0354-1
1513,0.7551729679107666,human2_lib3.final_cell_0355-1
1514,1.7291690111160278,human2_lib3.final_cell_0356-1
1515,2.1213414669036865,human2_lib3.final_cell_0357-1
1516,0.6391065120697021,human2_lib3.final_cell_0358-1
1517,0.3845422863960266,human2_lib3.final_cell_0359-1
1518,0.6034375429153442,human2_lib3.final_cell_0360-1
1519,0.6672102808952332,human2_lib3.final_cell_0361-1
1520,0.3845422863960266,human2_lib3.final_cell_0362-1
1521,0.5269978046417236,human2_lib3.final_cell_0363-1
1522,0.992992103099823,human2_lib3.final_cell_0364-1
1523,0.3845422863960266,human2_lib3.final_cell_0365-1
1524,0.7095049619674683,human2_lib3.final_cell_0366-1
1525,1.255643606185913,human2_lib3.final_cell_0367-1
1526,2.2235419750213623,human2_lib3.final_cell_0368-1
1527,2.133397102355957,human2_lib3.final_cell_0369-1
1528,0.8225868940353394,human2_lib3.final_cell_0370-1
1529,1.406363606452942,human2_lib3.final_cell_0371-1
1530,0.546715497970581,human2_lib3.final_cell_0372-1
1531,0.3845422863960266,human2_lib3.final_cell_0373-1
1532,0.540278971195221,human2_lib3.final_cell_0374-1
1533,0.41359129548072815,human2_lib3.final_cell_0375-1
1534,0.8179025650024414,human2_lib3.final_cell_0376-1
1535,0.6719397902488708,human2_lib3.final_cell_0377-1
1536,1.9077517986297607,human2_lib3.final_cell_0378-1
1537,0.9437642097473145,human2_lib3.final_cell_0379-1
1538,0.3845422863960266,human2_lib3.final_cell_0380-1
1539,0.3845422863960266,human2_lib3.final_cell_0381-1
1540,0.3845422863960266,human2_lib3.final_cell_0382-1
1541,2.2235419750213623,human2_lib3.final_cell_0383-1
1542,0.3845422863960266,human2_lib3.final_cell_0384-1
1543,0.4879254400730133,human2_lib3.final_cell_0385-1
1544,2.2938098907470703,human2_lib3.final_cell_0386-1
1545,0.49598443508148193,human2_lib3.final_cell_0387-1
1546,1.989061713218689,human2_lib3.final_cell_0388-1
1547,0.41749170422554016,human2_lib3.final_cell_0389-1
1548,0.3845422863960266,human2_lib3.final_cell_0390-1
1549,0.3845422863960266,human2_lib3.final_cell_0391-1
1550,1.9480773210525513,human2_lib3.final_cell_0392-1
1551,0.3845422863960266,human2_lib3.final_cell_0393-1
1552,0.8328424096107483,human2_lib3.final_cell_0394-1
1553,1.8757781982421875,human2_lib3.final_cell_0395-1
1554,2.2235419750213623,human2_lib3.final_cell_0396-1
1555,1.3008393049240112,human2_lib3.final_cell_0397-1
1556,0.3845422863960266,human2_lib3.final_cell_0398-1
1557,0.6696904897689819,human2_lib3.final_cell_0399-1
1558,0.7865520119667053,human2_lib3.final_cell_0400-1
1559,0.468729168176651,human2_lib3.final_cell_0401-1
1560,0.5203017592430115,human2_lib3.final_cell_0402-1
1561,0.3845422863960266,human2_lib3.final_cell_0403-1
1562,0.3845422863960266,human2_lib3.final_cell_0404-1
1563,1.5939009189605713,human2_lib3.final_cell_0405-1
1564,0.3845422863960266,human2_lib3.final_cell_0406-1
1565,0.39092114567756653,human2_lib3.final_cell_0407-1
1566,0.6850131154060364,human2_lib3.final_cell_0408-1
1567,0.4023107886314392,human2_lib3.final_cell_0409-1
1568,0.678045928478241,human2_lib3.final_cell_0410-1
1569,0.3845422863960266,human2_lib3.final_cell_0411-1
1570,0.3845422863960266,human2_lib3.final_cell_0412-1
1571,0.5521097779273987,human2_lib3.final_cell_0413-1
1572,0.6350050568580627,human2_lib3.final_cell_0414-1
1573,0.3939792215824127,human2_lib3.final_cell_0415-1
1574,0.3845422863960266,human2_lib3.final_cell_0416-1
1575,3.083728551864624,human2_lib3.final_cell_0417-1
1576,1.7289602756500244,human2_lib3.final_cell_0418-1
1577,0.496426522731781,human2_lib3.final_cell_0419-1
1578,0.3845422863960266,human2_lib3.final_cell_0420-1
1579,3.083728551864624,human2_lib3.final_cell_0421-1
1580,1.489365816116333,human2_lib3.final_cell_0422-1
1581,0.5393964648246765,human2_lib3.final_cell_0423-1
1582,0.5847291350364685,human2_lib3.final_cell_0424-1
1583,0.5594596266746521,human2_lib3.final_cell_0425-1
1584,0.3845422863960266,human2_lib3.final_cell_0426-1
1585,1.8906668424606323,human2_lib3.final_cell_0427-1
1586,2.2938098907470703,human2_lib3.final_cell_0428-1
1587,2.2938098907470703,human2_lib3.final_cell_0429-1
1588,0.6146144866943359,human2_lib3.final_cell_0430-1
1589,0.6499871015548706,human2_lib3.final_cell_0431-1
1590,0.607060432434082,human2_lib3.final_cell_0432-1
1591,0.5948271155357361,human2_lib3.final_cell_0433-1
1592,0.43532028794288635,human2_lib3.final_cell_0434-1
1593,1.3029508590698242,human2_lib3.final_cell_0435-1
1594,0.7316204905509949,human2_lib3.final_cell_0436-1
1595,0.522586464881897,human2_lib3.final_cell_0437-1
1596,0.658371090888977,human2_lib3.final_cell_0438-1
1597,1.0156197547912598,human2_lib3.final_cell_0439-1
1598,1.7001075744628906,human2_lib3.final_cell_0440-1
1599,0.3845422863960266,human2_lib3.final_cell_0441-1
1600,0.3845422863960266,human2_lib3.final_cell_0442-1
1601,0.6371364593505859,human2_lib3.final_cell_0443-1
1602,0.3845422863960266,human2_lib3.final_cell_0444-1
1603,1.8466087579727173,human2_lib3.final_cell_0445-1
1604,0.5872718095779419,human2_lib3.final_cell_0446-1
1605,0.9034610390663147,human2_lib3.final_cell_0447-1
1606,1.9231958389282227,human2_lib3.final_cell_0448-1
1607,0.3845422863960266,human2_lib3.final_cell_0449-1
1608,1.989061713218689,human2_lib3.final_cell_0450-1
1609,0.4493483603000641,human2_lib3.final_cell_0451-1
1610,0.5568596720695496,human2_lib3.final_cell_0452-1
1611,0.5799806118011475,human2_lib3.final_cell_0453-1
1612,0.3845422863960266,human2_lib3.final_cell_0454-1
1613,1.3828747272491455,human2_lib3.final_cell_0455-1
1614,0.3845422863960266,human2_lib3.final_cell_0456-1
1615,0.5394139885902405,human2_lib3.final_cell_0457-1
1616,0.3997325301170349,human2_lib3.final_cell_0458-1
1617,0.5227195024490356,human2_lib3.final_cell_0459-1
1618,1.8935692310333252,human2_lib3.final_cell_0460-1
1619,0.7072983980178833,human2_lib3.final_cell_0461-1
1620,0.4125690162181854,human2_lib3.final_cell_0462-1
1621,0.6500437259674072,human2_lib3.final_cell_0463-1
1622,0.5331946015357971,human2_lib3.final_cell_0464-1
1623,0.6248195767402649,human2_lib3.final_cell_0465-1
1624,1.0101194381713867,human2_lib3.final_cell_0466-1
1625,1.7638614177703857,human2_lib3.final_cell_0467-1
1626,1.9192595481872559,human2_lib3.final_cell_0468-1
1627,0.7799891233444214,human2_lib3.final_cell_0469-1
1628,0.6118130683898926,human2_lib3.final_cell_0470-1
1629,0.3845422863960266,human2_lib3.final_cell_0471-1
1630,1.1185359954833984,human2_lib3.final_cell_0472-1
1631,1.8066682815551758,human2_lib3.final_cell_0473-1
1632,1.8472070693969727,human2_lib3.final_cell_0474-1
1633,0.8236473202705383,human2_lib3.final_cell_0475-1
1634,0.3974132835865021,human2_lib3.final_cell_0476-1
1635,0.6598001718521118,human2_lib3.final_cell_0477-1
1636,2.2235419750213623,human2_lib3.final_cell_0478-1
1637,0.5730816721916199,human2_lib3.final_cell_0479-1
1638,1.228316307067871,human2_lib3.final_cell_0480-1
1639,0.7090198397636414,human2_lib3.final_cell_0481-1
1640,0.3845422863960266,human2_lib3.final_cell_0482-1
1641,0.8320813775062561,human2_lib3.final_cell_0483-1
1642,0.7933469414710999,human2_lib3.final_cell_0484-1
1643,0.3845422863960266,human2_lib3.final_cell_0485-1
1644,0.42290443181991577,human2_lib3.final_cell_0486-1
1645,1.6615478992462158,human2_lib3.final_cell_0487-1
1646,2.178929567337036,human2_lib3.final_cell_0488-1
1647,0.3845422863960266,human2_lib3.final_cell_0489-1
1648,1.75572669506073,human2_lib3.final_cell_0490-1
1649,0.5058395862579346,human2_lib3.final_cell_0491-1
1650,0.3845422863960266,human2_lib3.final_cell_0492-1
1651,2.2938098907470703,human2_lib3.final_cell_0493-1
1652,0.5792655348777771,human2_lib3.final_cell_0494-1
1653,0.8943520784378052,human2_lib3.final_cell_0495-1
1654,1.9228425025939941,human2_lib3.final_cell_0496-1
1655,2.2235419750213623,human2_lib3.final_cell_0497-1
1656,2.2938098907470703,human2_lib3.final_cell_0498-1
1657,0.38868600130081177,human2_lib3.final_cell_0499-1
1658,2.2938098907470703,human2_lib3.final_cell_0500-1
1659,0.46752119064331055,human2_lib3.final_cell_0501-1
1660,2.2811779975891113,human2_lib3.final_cell_0502-1
1661,0.4239161014556885,human2_lib3.final_cell_0503-1
1662,0.3845422863960266,human2_lib3.final_cell_0504-1
1663,1.7852998971939087,human2_lib3.final_cell_0505-1
1664,1.403318166732788,human2_lib3.final_cell_0506-1
1665,1.6242655515670776,human2_lib3.final_cell_0507-1
1666,1.0690999031066895,human2_lib3.final_cell_0508-1
1667,3.083728551864624,human2_lib3.final_cell_0509-1
1668,1.811930775642395,human2_lib3.final_cell_0510-1
1669,0.9256311058998108,human2_lib3.final_cell_0511-1
1670,1.9507333040237427,human2_lib3.final_cell_0512-1
1671,0.3973524868488312,human2_lib3.final_cell_0513-1
1672,0.632383406162262,human2_lib3.final_cell_0514-1
1673,1.9610623121261597,human2_lib3.final_cell_0515-1
1674,0.5593801140785217,human2_lib3.final_cell_0516-1
1675,2.2235419750213623,human2_lib3.final_cell_0517-1
1676,0.5371821522712708,human2_lib3.final_cell_0518-1
1677,0.9845630526542664,human2_lib3.final_cell_0519-1
1678,2.2235419750213623,human2_lib3.final_cell_0520-1
1679,0.5945407152175903,human2_lib3.final_cell_0521-1
1680,1.918094277381897,human2_lib3.final_cell_0522-1
1681,3.083728551864624,human2_lib3.final_cell_0523-1
1682,0.8772484660148621,human2_lib3.final_cell_0524-1
1683,1.9228425025939941,human2_lib3.final_cell_0525-1
1684,0.5691904425621033,human2_lib3.final_cell_0526-1
1685,0.714604377746582,human2_lib3.final_cell_0527-1
1686,2.2235419750213623,human2_lib3.final_cell_0528-1
1687,1.8363624811172485,human2_lib3.final_cell_0529-1
1688,1.9228425025939941,human2_lib3.final_cell_0530-1
1689,0.3845422863960266,human2_lib3.final_cell_0531-1
1690,1.2228838205337524,human2_lib3.final_cell_0532-1
1691,2.2235419750213623,human2_lib3.final_cell_0533-1
1692,0.8019507527351379,human2_lib3.final_cell_0534-1
1693,2.2235419750213623,human2_lib3.final_cell_0535-1
1694,0.474003404378891,human2_lib3.final_cell_0536-1
1695,0.6184499263763428,human2_lib3.final_cell_0537-1
1696,0.445001482963562,human2_lib3.final_cell_0538-1
1697,0.9340182542800903,human2_lib3.final_cell_0539-1
1698,1.930887222290039,human2_lib3.final_cell_0540-1
1699,2.2235419750213623,human2_lib3.final_cell_0541-1
1700,0.6397656798362732,human2_lib3.final_cell_0542-1
1701,1.7822990417480469,human2_lib3.final_cell_0543-1
1702,0.5742008686065674,human2_lib3.final_cell_0544-1
1703,2.2938098907470703,human2_lib3.final_cell_0545-1
1704,1.9228425025939941,human2_lib3.final_cell_0546-1
1705,2.244929790496826,human2_lib3.final_cell_0547-1
1706,0.3845422863960266,human2_lib3.final_cell_0548-1
1707,1.2067407369613647,human2_lib3.final_cell_0549-1
1708,0.7689001560211182,human2_lib3.final_cell_0550-1
1709,0.5938013195991516,human2_lib3.final_cell_0551-1
1710,1.8539559841156006,human2_lib3.final_cell_0552-1
1711,1.100080132484436,human2_lib3.final_cell_0553-1
1712,1.55370032787323,human2_lib3.final_cell_0554-1
1713,2.0469131469726562,human2_lib3.final_cell_0555-1
1714,0.7413578033447266,human2_lib3.final_cell_0556-1
1715,2.229548454284668,human2_lib3.final_cell_0557-1
1716,2.2235419750213623,human2_lib3.final_cell_0558-1
1717,0.8337494134902954,human2_lib3.final_cell_0559-1
1718,1.9032281637191772,human2_lib3.final_cell_0560-1
1719,2.2938098907470703,human2_lib3.final_cell_0561-1
1720,1.9228425025939941,human2_lib3.final_cell_0562-1
1721,2.2235419750213623,human2_lib3.final_cell_0563-1
1722,1.989061713218689,human2_lib3.final_cell_0564-1
1723,1.0159075260162354,human2_lib3.final_cell_0565-1
