cell_index,umap_1,umap_2,predicted_label,cell_id,true_label,aligned_predicted_label,batch,scraw_reconstruction_weight
0,-1.9156198501586914,1.5570954084396362,5,mouse1_lib1.final_cell_0001,beta,beta,single_batch,0.3845422863960266
1,4.754857063293457,7.658990859985352,3,mouse1_lib1.final_cell_0002,ductal,ductal,single_batch,0.9666635990142822
2,8.176507949829102,17.22059440612793,7,mouse1_lib1.final_cell_0003,delta,delta,single_batch,1.674719214439392
3,6.650660037994385,6.646870136260986,3,mouse1_lib1.final_cell_0004,schwann,ductal,single_batch,2.017502546310425
4,7.001932144165039,16.716901779174805,7,mouse1_lib1.final_cell_0005,delta,delta,single_batch,1.0855908393859863
5,-3.2625255584716797,2.5695316791534424,5,mouse1_lib1.final_cell_0006,beta,beta,single_batch,0.5170900225639343
6,-3.7083799839019775,4.494027137756348,5,mouse1_lib1.final_cell_0007,beta,beta,single_batch,0.3845422863960266
7,-1.8664661645889282,4.2661356925964355,5,mouse1_lib1.final_cell_0008,beta,beta,single_batch,0.3845422863960266
8,-2.2706189155578613,4.201354026794434,5,mouse1_lib1.final_cell_0009,beta,beta,single_batch,0.3962565064430237
9,4.5250163078308105,8.59993839263916,3,mouse1_lib1.final_cell_0010,ductal,ductal,single_batch,1.0874645709991455
10,-11.703471183776855,-3.4852542877197266,4,mouse1_lib1.final_cell_0011,ductal,T_cell,single_batch,1.2599818706512451
11,-1.4487875699996948,3.147449493408203,5,mouse1_lib1.final_cell_0012,beta,beta,single_batch,0.3845422863960266
12,11.240489959716797,-2.2947885990142822,6,mouse1_lib1.final_cell_0013,beta,gamma,single_batch,1.237489938735962
13,12.072027206420898,-1.031972050666809,6,mouse1_lib1.final_cell_0014,delta,gamma,single_batch,1.390457272529602
14,-1.7349474430084229,3.3025546073913574,5,mouse1_lib1.final_cell_0015,beta,beta,single_batch,0.3845422863960266
15,-13.433873176574707,-2.5326640605926514,4,mouse1_lib1.final_cell_0016,ductal,T_cell,single_batch,0.794182538986206
16,-1.2067586183547974,1.8382152318954468,5,mouse1_lib1.final_cell_0017,beta,beta,single_batch,0.3845422863960266
17,14.118309020996094,2.020263671875,2,mouse1_lib1.final_cell_0018,quiescent_stellate,quiescent_stellate,single_batch,2.5735983848571777
18,-12.049819946289062,-3.672996759414673,4,mouse1_lib1.final_cell_0019,ductal,T_cell,single_batch,1.3398277759552002
19,4.460009574890137,8.514304161071777,3,mouse1_lib1.final_cell_0020,ductal,ductal,single_batch,0.9345862865447998
20,-0.8734040260314941,1.3098710775375366,5,mouse1_lib1.final_cell_0021,beta,beta,single_batch,0.3845422863960266
21,-1.6837931871414185,1.0922178030014038,5,mouse1_lib1.final_cell_0022,beta,beta,single_batch,0.38726767897605896
22,-1.0608752965927124,3.378504514694214,5,mouse1_lib1.final_cell_0023,beta,beta,single_batch,0.3845422863960266
23,7.262308597564697,16.90584945678711,7,mouse1_lib1.final_cell_0024,delta,delta,single_batch,1.2725197076797485
24,14.119519233703613,2.0341908931732178,2,mouse1_lib1.final_cell_0025,quiescent_stellate,quiescent_stellate,single_batch,2.0130326747894287
25,-3.6993143558502197,-4.462038040161133,0,mouse1_lib1.final_cell_0026,endothelial,endothelial,single_batch,2.327212333679199
26,6.133718967437744,8.43729019165039,3,mouse1_lib1.final_cell_0027,ductal,ductal,single_batch,0.6815570592880249
27,6.030794620513916,7.408447265625,3,mouse1_lib1.final_cell_0028,ductal,ductal,single_batch,0.5522105693817139
28,-1.948973298072815,2.344313383102417,5,mouse1_lib1.final_cell_0029,beta,beta,single_batch,0.3845422863960266
29,-11.81931209564209,-3.21362566947937,4,mouse1_lib1.final_cell_0030,ductal,T_cell,single_batch,0.9416883587837219
30,-13.210121154785156,-2.8573386669158936,4,mouse1_lib1.final_cell_0031,ductal,T_cell,single_batch,0.7139210104942322
31,6.275392532348633,7.369559288024902,3,mouse1_lib1.final_cell_0032,ductal,ductal,single_batch,0.5601085424423218
32,11.566330909729004,-2.067517042160034,6,mouse1_lib1.final_cell_0033,gamma,gamma,single_batch,0.9455078840255737
33,-2.427295684814453,3.528384208679199,5,mouse1_lib1.final_cell_0034,beta,beta,single_batch,0.3845422863960266
34,-1.8706518411636353,4.747917175292969,5,mouse1_lib1.final_cell_0035,beta,beta,single_batch,0.3845422863960266
35,7.78882360458374,7.629295349121094,3,mouse1_lib1.final_cell_0036,ductal,ductal,single_batch,0.9635819792747498
36,-12.139695167541504,-3.5508408546447754,4,mouse1_lib1.final_cell_0037,ductal,T_cell,single_batch,0.8276692032814026
37,-12.512804985046387,-2.885460376739502,4,mouse1_lib1.final_cell_0038,ductal,T_cell,single_batch,0.9522039890289307
38,7.674285888671875,17.141939163208008,7,mouse1_lib1.final_cell_0039,delta,delta,single_batch,1.5563857555389404
39,-0.9444758296012878,1.6163241863250732,5,mouse1_lib1.final_cell_0040,beta,beta,single_batch,0.3845422863960266
40,-1.8599936962127686,1.6021044254302979,5,mouse1_lib1.final_cell_0041,beta,beta,single_batch,0.3845422863960266
41,3.7427778244018555,8.277668952941895,3,mouse1_lib1.final_cell_0042,ductal,ductal,single_batch,1.6223970651626587
42,7.478760719299316,17.0402889251709,7,mouse1_lib1.final_cell_0043,delta,delta,single_batch,1.2502663135528564
43,-4.378231048583984,-5.876255989074707,0,mouse1_lib1.final_cell_0044,endothelial,endothelial,single_batch,2.2781951427459717
44,-0.5395828485488892,1.9356359243392944,5,mouse1_lib1.final_cell_0045,beta,beta,single_batch,0.3845422863960266
45,-1.8164498805999756,2.4221224784851074,5,mouse1_lib1.final_cell_0046,beta,beta,single_batch,0.3845422863960266
46,12.025833129882812,-1.0859856605529785,6,mouse1_lib1.final_cell_0047,alpha,gamma,single_batch,1.0747623443603516
47,-12.952423095703125,-3.215324640274048,4,mouse1_lib1.final_cell_0048,ductal,T_cell,single_batch,1.0791985988616943
48,-3.9076292514801025,5.559395790100098,5,mouse1_lib1.final_cell_0049,beta,beta,single_batch,0.3845422863960266
49,-11.788500785827637,-3.19563889503479,4,mouse1_lib1.final_cell_0050,ductal,T_cell,single_batch,1.0281325578689575
50,11.34123420715332,-2.3199901580810547,6,mouse1_lib1.final_cell_0051,gamma,gamma,single_batch,0.928309440612793
51,-2.4639527797698975,4.29052734375,5,mouse1_lib1.final_cell_0052,beta,beta,single_batch,0.3845422863960266
52,-12.266203880310059,-3.6580681800842285,4,mouse1_lib1.final_cell_0053,ductal,T_cell,single_batch,1.1830217838287354
53,-11.972537994384766,-3.4369356632232666,4,mouse1_lib1.final_cell_0054,ductal,T_cell,single_batch,0.759950578212738
54,-12.669663429260254,-3.3927347660064697,4,mouse1_lib1.final_cell_0055,ductal,T_cell,single_batch,0.9144740700721741
55,-1.0091829299926758,0.6822197437286377,5,mouse1_lib1.final_cell_0056,beta,beta,single_batch,0.4023052752017975
56,6.421957492828369,8.610313415527344,3,mouse1_lib1.final_cell_0057,ductal,ductal,single_batch,0.8700543642044067
57,-3.637348175048828,-4.4049530029296875,0,mouse1_lib1.final_cell_0058,endothelial,endothelial,single_batch,2.327212333679199
58,3.789194107055664,8.339730262756348,3,mouse1_lib1.final_cell_0059,ductal,ductal,single_batch,0.9628013372421265
59,-1.7503461837768555,3.919881820678711,5,mouse1_lib1.final_cell_0060,beta,beta,single_batch,0.3845422863960266
60,-1.1098829507827759,3.124131202697754,5,mouse1_lib1.final_cell_0061,beta,beta,single_batch,0.3845422863960266
61,-12.116499900817871,-2.877241373062134,4,mouse1_lib1.final_cell_0062,ductal,T_cell,single_batch,0.8357381224632263
62,4.130299091339111,8.06822681427002,3,mouse1_lib1.final_cell_0063,ductal,ductal,single_batch,0.7059609889984131
63,-3.9359283447265625,-5.801013469696045,0,mouse1_lib1.final_cell_0064,endothelial,endothelial,single_batch,2.1235640048980713
64,-3.7120933532714844,4.786360263824463,5,mouse1_lib1.final_cell_0065,beta,beta,single_batch,0.4023013412952423
65,-1.5265334844589233,4.598618507385254,5,mouse1_lib1.final_cell_0066,beta,beta,single_batch,0.44904693961143494
66,7.293989181518555,8.033276557922363,3,mouse1_lib1.final_cell_0067,ductal,ductal,single_batch,0.8794441819190979
67,-4.647206783294678,5.940963268280029,5,mouse1_lib1.final_cell_0068,beta,beta,single_batch,0.6942390203475952
68,-4.3584794998168945,-5.720147609710693,0,mouse1_lib1.final_cell_0069,endothelial,endothelial,single_batch,2.074941635131836
69,4.792994499206543,7.596192836761475,3,mouse1_lib1.final_cell_0070,ductal,ductal,single_batch,0.6989560127258301
70,-1.217376470565796,2.8523874282836914,5,mouse1_lib1.final_cell_0071,beta,beta,single_batch,0.3845422863960266
71,-1.1899073123931885,3.5109169483184814,5,mouse1_lib1.final_cell_0072,beta,beta,single_batch,0.3845422863960266
72,-4.234860897064209,-5.702197551727295,0,mouse1_lib1.final_cell_0073,endothelial,endothelial,single_batch,1.9746402502059937
73,-2.441404104232788,4.911243438720703,5,mouse1_lib1.final_cell_0074,beta,beta,single_batch,0.3845422863960266
74,-2.0752432346343994,4.598525524139404,5,mouse1_lib1.final_cell_0075,beta,beta,single_batch,0.3845422863960266
75,-13.476963996887207,-2.4420113563537598,4,mouse1_lib1.final_cell_0076,ductal,T_cell,single_batch,0.7500116229057312
76,-3.7722394466400146,5.692417144775391,5,mouse1_lib1.final_cell_0077,beta,beta,single_batch,0.4527966380119324
77,-11.696332931518555,-3.3462648391723633,4,mouse1_lib1.final_cell_0078,ductal,T_cell,single_batch,1.1639022827148438
78,14.116986274719238,2.003812789916992,2,mouse1_lib1.final_cell_0079,quiescent_stellate,quiescent_stellate,single_batch,2.3908112049102783
79,-2.8389620780944824,5.213848114013672,5,mouse1_lib1.final_cell_0080,beta,beta,single_batch,0.3845422863960266
80,-12.41911506652832,-3.589379072189331,4,mouse1_lib1.final_cell_0081,ductal,T_cell,single_batch,0.9586142897605896
81,5.553205966949463,8.739047050476074,3,mouse1_lib1.final_cell_0082,ductal,ductal,single_batch,1.051356315612793
82,8.601908683776855,17.445920944213867,7,mouse1_lib1.final_cell_0083,delta,delta,single_batch,2.029264450073242
83,11.391368865966797,-2.260166645050049,6,mouse1_lib1.final_cell_0084,alpha,gamma,single_batch,1.1991910934448242
84,-12.656242370605469,-2.4641687870025635,4,mouse1_lib1.final_cell_0085,ductal,T_cell,single_batch,0.7398995161056519
85,-2.0808236598968506,3.6688244342803955,5,mouse1_lib1.final_cell_0086,beta,beta,single_batch,0.3845422863960266
86,-14.685458183288574,-1.954959511756897,4,mouse1_lib1.final_cell_0087,ductal,T_cell,single_batch,1.083262324333191
87,3.7269129753112793,8.374987602233887,3,mouse1_lib1.final_cell_0088,ductal,ductal,single_batch,0.9811491966247559
88,-2.169027090072632,3.41567325592041,5,mouse1_lib1.final_cell_0089,beta,beta,single_batch,0.3845422863960266
89,6.244892120361328,7.458103179931641,3,mouse1_lib1.final_cell_0090,ductal,ductal,single_batch,0.5482333898544312
90,8.204134941101074,17.23945426940918,7,mouse1_lib1.final_cell_0091,delta,delta,single_batch,1.8930234909057617
91,-4.181671619415283,-5.427665710449219,0,mouse1_lib1.final_cell_0092,endothelial,endothelial,single_batch,2.327212333679199
92,-2.506868362426758,2.6705267429351807,5,mouse1_lib1.final_cell_0093,beta,beta,single_batch,0.3845422863960266
93,-1.195480227470398,1.0176602602005005,5,mouse1_lib1.final_cell_0094,beta,beta,single_batch,0.3845422863960266
94,5.444273948669434,8.764864921569824,3,mouse1_lib1.final_cell_0095,ductal,ductal,single_batch,1.3800350427627563
95,11.011588096618652,-2.5308446884155273,6,mouse1_lib1.final_cell_0096,delta,gamma,single_batch,1.0259510278701782
96,-2.6985583305358887,2.1002845764160156,5,mouse1_lib1.final_cell_0097,beta,beta,single_batch,0.4295690357685089
97,4.987455368041992,8.386455535888672,3,mouse1_lib1.final_cell_0098,ductal,ductal,single_batch,0.724176287651062
98,-12.341465950012207,-2.7010316848754883,4,mouse1_lib1.final_cell_0099,ductal,T_cell,single_batch,0.7170571088790894
99,-3.630549430847168,-4.505296230316162,0,mouse1_lib1.final_cell_0100,endothelial,endothelial,single_batch,2.327212333679199
100,-2.1615190505981445,2.5566227436065674,5,mouse1_lib1.final_cell_0101,beta,beta,single_batch,0.3845422863960266
101,-3.08202862739563,-5.445496082305908,0,mouse1_lib1.final_cell_0102,endothelial,endothelial,single_batch,2.282641887664795
102,-1.8977984189987183,4.671381950378418,5,mouse1_lib1.final_cell_0103,beta,beta,single_batch,0.3845422863960266
103,-12.970205307006836,-3.1714253425598145,4,mouse1_lib1.final_cell_0104,ductal,T_cell,single_batch,0.9079199433326721
104,14.367427825927734,2.395575761795044,2,mouse1_lib1.final_cell_0105,quiescent_stellate,quiescent_stellate,single_batch,2.6808598041534424
105,-1.9565397500991821,2.5915441513061523,5,mouse1_lib1.final_cell_0106,beta,beta,single_batch,0.3845422863960266
106,14.3662109375,2.654710292816162,2,mouse1_lib1.final_cell_0107,quiescent_stellate,quiescent_stellate,single_batch,2.5754427909851074
107,-2.8574886322021484,3.8187379837036133,5,mouse1_lib1.final_cell_0108,beta,beta,single_batch,0.3845422863960266
108,-0.7918245196342468,1.295182466506958,5,mouse1_lib1.final_cell_0109,beta,beta,single_batch,0.3845422863960266
109,14.045613288879395,1.9332064390182495,2,mouse1_lib1.final_cell_0110,quiescent_stellate,quiescent_stellate,single_batch,2.6808598041534424
110,8.208003044128418,17.23944091796875,7,mouse1_lib1.final_cell_0111,delta,delta,single_batch,2.066880226135254
111,12.812780380249023,19.04668426513672,1,mouse1_lib1.final_cell_0112,macrophage,macrophage,single_batch,3.0974042415618896
112,-1.407680630683899,2.1133086681365967,5,mouse1_lib1.final_cell_0113,beta,beta,single_batch,0.3845422863960266
113,10.763044357299805,-2.681471109390259,6,mouse1_lib1.final_cell_0114,beta,gamma,single_batch,1.2741895914077759
114,-3.888995409011841,-5.805943012237549,0,mouse1_lib1.final_cell_0115,endothelial,endothelial,single_batch,2.075239896774292
115,12.773137092590332,19.006885528564453,1,mouse1_lib1.final_cell_0116,macrophage,macrophage,single_batch,3.0974042415618896
116,-3.5475316047668457,3.2434496879577637,5,mouse1_lib1.final_cell_0117,beta,beta,single_batch,0.4918641149997711
117,10.625349998474121,-2.7791669368743896,6,mouse1_lib1.final_cell_0118,beta,gamma,single_batch,1.298240065574646
118,-3.5171425342559814,4.818946361541748,5,mouse1_lib1.final_cell_0119,beta,beta,single_batch,0.3845422863960266
119,-3.6775131225585938,-4.370998382568359,0,mouse1_lib1.final_cell_0120,endothelial,endothelial,single_batch,2.327212333679199
120,-2.597628355026245,4.697583198547363,5,mouse1_lib1.final_cell_0121,beta,beta,single_batch,0.3845422863960266
121,6.93896484375,16.679372787475586,7,mouse1_lib1.final_cell_0122,delta,delta,single_batch,1.0444188117980957
122,-1.0090371370315552,0.75776207447052,5,mouse1_lib1.final_cell_0123,beta,beta,single_batch,0.3845422863960266
123,12.69606876373291,18.92990493774414,1,mouse1_lib1.final_cell_0124,macrophage,macrophage,single_batch,3.0974042415618896
124,-3.6901490688323975,4.525590419769287,5,mouse1_lib1.final_cell_0125,beta,beta,single_batch,0.3845422863960266
125,14.203513145446777,2.3075573444366455,2,mouse1_lib1.final_cell_0126,quiescent_stellate,quiescent_stellate,single_batch,2.0128276348114014
126,-11.85677433013916,-3.1865170001983643,4,mouse1_lib1.final_cell_0127,ductal,T_cell,single_batch,0.8437401056289673
127,-2.661996364593506,5.22774600982666,5,mouse1_lib1.final_cell_0128,beta,beta,single_batch,0.3969680070877075
128,-2.787802219390869,5.476216793060303,5,mouse1_lib1.final_cell_0129,beta,beta,single_batch,0.3845422863960266
129,-2.023130416870117,4.694601058959961,5,mouse1_lib1.final_cell_0130,beta,beta,single_batch,0.3876740336418152
130,-2.270550489425659,3.49545955657959,5,mouse1_lib1.final_cell_0131,beta,beta,single_batch,0.3902627229690552
131,-2.1858222484588623,4.87352180480957,5,mouse1_lib1.final_cell_0132,beta,beta,single_batch,0.3845422863960266
132,-12.523265838623047,-3.45383882522583,4,mouse1_lib1.final_cell_0133,ductal,T_cell,single_batch,0.8642908334732056
133,-1.4424558877944946,1.5613040924072266,5,mouse1_lib1.final_cell_0134,beta,beta,single_batch,0.3845422863960266
134,3.97186017036438,8.016139030456543,3,mouse1_lib1.final_cell_0135,ductal,ductal,single_batch,0.9543253779411316
135,8.173367500305176,17.197853088378906,7,mouse1_lib1.final_cell_0136,delta,delta,single_batch,1.5604214668273926
136,-1.0445085763931274,2.15140438079834,5,mouse1_lib1.final_cell_0137,beta,beta,single_batch,0.3845422863960266
137,-1.896092176437378,4.358949184417725,5,mouse1_lib1.final_cell_0138,beta,beta,single_batch,0.3845422863960266
138,8.623224258422852,17.459787368774414,7,mouse1_lib1.final_cell_0139,alpha,delta,single_batch,2.140911340713501
139,3.997349977493286,8.251327514648438,3,mouse1_lib1.final_cell_0140,ductal,ductal,single_batch,0.7623644471168518
140,-2.718104600906372,3.4374570846557617,5,mouse1_lib1.final_cell_0141,beta,beta,single_batch,0.3845422863960266
141,-4.739299774169922,5.849987030029297,5,mouse1_lib1.final_cell_0142,beta,beta,single_batch,0.6032307744026184
142,-2.116687059402466,3.8394360542297363,5,mouse1_lib1.final_cell_0143,beta,beta,single_batch,0.3845422863960266
143,-2.0805864334106445,1.5585285425186157,5,mouse1_lib1.final_cell_0144,beta,beta,single_batch,0.3845422863960266
144,-3.740142345428467,-5.8070197105407715,0,mouse1_lib1.final_cell_0145,endothelial,endothelial,single_batch,2.026432514190674
145,7.186981678009033,16.841665267944336,7,mouse1_lib1.final_cell_0146,delta,delta,single_batch,1.0770589113235474
146,-1.6843221187591553,2.5649054050445557,5,mouse1_lib1.final_cell_0147,beta,beta,single_batch,0.3845422863960266
147,-2.474860906600952,3.1884355545043945,5,mouse1_lib1.final_cell_0148,beta,beta,single_batch,0.3845422863960266
148,-3.8350939750671387,5.696722984313965,5,mouse1_lib1.final_cell_0149,beta,beta,single_batch,0.4404756426811218
149,-0.990639328956604,1.5622535943984985,5,mouse1_lib1.final_cell_0150,beta,beta,single_batch,0.3845422863960266
150,5.911733150482178,7.790868282318115,3,mouse1_lib1.final_cell_0151,ductal,ductal,single_batch,0.6408342719078064
151,-3.069051504135132,3.7511794567108154,5,mouse1_lib1.final_cell_0152,beta,beta,single_batch,0.3845422863960266
152,3.739607810974121,8.331429481506348,3,mouse1_lib1.final_cell_0153,ductal,ductal,single_batch,1.0044636726379395
153,-1.784401297569275,1.4702268838882446,5,mouse1_lib1.final_cell_0154,beta,beta,single_batch,0.3845422863960266
154,5.192079067230225,8.181955337524414,3,mouse1_lib1.final_cell_0155,ductal,ductal,single_batch,0.6934738755226135
155,11.682021141052246,-1.8476247787475586,6,mouse1_lib1.final_cell_0156,delta,gamma,single_batch,1.0766839981079102
156,-3.2424542903900146,-5.771483421325684,0,mouse1_lib1.final_cell_0157,endothelial,endothelial,single_batch,2.3174831867218018
157,-2.775475263595581,2.4710147380828857,5,mouse1_lib1.final_cell_0158,beta,beta,single_batch,0.4265735149383545
158,-13.037700653076172,-3.033367395401001,4,mouse1_lib1.final_cell_0159,ductal,T_cell,single_batch,0.8982447385787964
159,12.788089752197266,19.02272605895996,1,mouse1_lib1.final_cell_0160,macrophage,macrophage,single_batch,3.0974042415618896
160,12.063941955566406,-1.044833779335022,6,mouse1_lib1.final_cell_0161,delta,gamma,single_batch,1.0681833028793335
161,-15.046821594238281,-3.0301520824432373,4,mouse1_lib1.final_cell_0162,immune_other,T_cell,single_batch,2.1603307723999023
162,-3.1384329795837402,2.667668342590332,5,mouse1_lib1.final_cell_0163,beta,beta,single_batch,0.3845422863960266
163,-2.4064910411834717,4.308019638061523,5,mouse1_lib1.final_cell_0164,beta,beta,single_batch,0.3845422863960266
164,4.80059814453125,7.627269268035889,3,mouse1_lib1.final_cell_0165,ductal,ductal,single_batch,0.6339083909988403
165,10.542317390441895,-2.8399736881256104,6,mouse1_lib1.final_cell_0166,delta,gamma,single_batch,1.0735212564468384
166,10.573966979980469,-2.8081579208374023,6,mouse1_lib1.final_cell_0167,gamma,gamma,single_batch,1.0270066261291504
167,-0.9506512880325317,2.697899580001831,5,mouse1_lib1.final_cell_0168,beta,beta,single_batch,0.3845422863960266
168,-1.0333625078201294,1.6982333660125732,5,mouse1_lib1.final_cell_0169,beta,beta,single_batch,0.45361241698265076
169,-0.9037438631057739,0.7253694534301758,5,mouse1_lib1.final_cell_0170,beta,beta,single_batch,0.3845422863960266
170,-3.2815728187561035,5.545656681060791,5,mouse1_lib1.final_cell_0171,beta,beta,single_batch,0.3845422863960266
171,-0.969675600528717,2.1640498638153076,5,mouse1_lib1.final_cell_0172,beta,beta,single_batch,0.3845422863960266
172,-0.7177934646606445,2.4285812377929688,5,mouse1_lib1.final_cell_0173,beta,beta,single_batch,0.3845422863960266
173,-0.4904787242412567,1.3473377227783203,5,mouse1_lib1.final_cell_0174,beta,beta,single_batch,0.3845422863960266
174,6.437675476074219,7.127951622009277,3,mouse1_lib1.final_cell_0175,ductal,ductal,single_batch,0.764419436454773
175,7.062257766723633,8.162511825561523,3,mouse1_lib1.final_cell_0176,ductal,ductal,single_batch,0.869994044303894
176,-4.287954330444336,5.703843593597412,5,mouse1_lib1.final_cell_0177,beta,beta,single_batch,0.3845422863960266
177,-13.95986557006836,-2.3699591159820557,4,mouse1_lib1.final_cell_0178,ductal,T_cell,single_batch,1.4103889465332031
178,-1.4251326322555542,2.5702784061431885,5,mouse1_lib1.final_cell_0179,beta,beta,single_batch,0.3845422863960266
179,-0.6404996514320374,2.49045991897583,5,mouse1_lib1.final_cell_0180,beta,beta,single_batch,0.3845422863960266
180,-0.845342755317688,3.2827165126800537,5,mouse1_lib1.final_cell_0181,beta,beta,single_batch,0.44199588894844055
181,-4.330681324005127,-5.594741344451904,0,mouse1_lib1.final_cell_0182,endothelial,endothelial,single_batch,1.9964399337768555
182,-12.911014556884766,-2.402698278427124,4,mouse1_lib1.final_cell_0183,ductal,T_cell,single_batch,0.7499355673789978
183,-13.706174850463867,-2.4511637687683105,4,mouse1_lib1.final_cell_0184,ductal,T_cell,single_batch,0.7782865166664124
184,-11.718417167663574,-3.3806793689727783,4,mouse1_lib1.final_cell_0185,ductal,T_cell,single_batch,1.4112387895584106
185,9.755985260009766,-3.382128953933716,6,mouse1_lib1.final_cell_0186,beta,gamma,single_batch,1.3425372838974
186,-3.1475629806518555,-5.294123649597168,0,mouse1_lib1.final_cell_0187,endothelial,endothelial,single_batch,2.2697112560272217
187,-3.506375312805176,-4.649339199066162,0,mouse1_lib1.final_cell_0188,endothelial,endothelial,single_batch,2.327212333679199
188,11.895484924316406,-1.2563096284866333,6,mouse1_lib1.final_cell_0189,gamma,gamma,single_batch,0.9825321435928345
189,-3.318835973739624,4.192274570465088,5,mouse1_lib1.final_cell_0190,beta,beta,single_batch,0.3845422863960266
190,-1.2090065479278564,1.6801564693450928,5,mouse1_lib1.final_cell_0191,beta,beta,single_batch,0.3845422863960266
191,4.587989330291748,8.476524353027344,3,mouse1_lib1.final_cell_0192,ductal,ductal,single_batch,0.8320494294166565
192,-14.615745544433594,-1.9905425310134888,4,mouse1_lib1.final_cell_0193,ductal,T_cell,single_batch,1.087862253189087
193,5.788938045501709,7.692461013793945,3,mouse1_lib1.final_cell_0194,ductal,ductal,single_batch,0.6409159302711487
194,14.182219505310059,2.1214137077331543,2,mouse1_lib1.final_cell_0195,quiescent_stellate,quiescent_stellate,single_batch,2.0579240322113037
195,-1.5000114440917969,4.5589919090271,5,mouse1_lib1.final_cell_0196,beta,beta,single_batch,0.3845422863960266
196,-1.2398202419281006,0.9107167720794678,5,mouse1_lib1.final_cell_0197,beta,beta,single_batch,0.3845422863960266
197,-1.1438462734222412,3.889198064804077,5,mouse1_lib1.final_cell_0198,beta,beta,single_batch,0.3845422863960266
198,-1.7326010465621948,3.4846420288085938,5,mouse1_lib1.final_cell_0199,beta,beta,single_batch,0.3845422863960266
199,6.373063564300537,7.410248756408691,3,mouse1_lib1.final_cell_0200,ductal,ductal,single_batch,0.5255111455917358
200,-13.349027633666992,-2.83493971824646,4,mouse1_lib1.final_cell_0201,ductal,T_cell,single_batch,1.059023380279541
201,5.213289737701416,7.3872270584106445,3,mouse1_lib1.final_cell_0202,ductal,ductal,single_batch,0.6755115389823914
202,-3.9196207523345947,-5.82041072845459,0,mouse1_lib1.final_cell_0203,endothelial,endothelial,single_batch,2.060124397277832
203,-3.110335111618042,-5.596611499786377,0,mouse1_lib1.final_cell_0204,endothelial,endothelial,single_batch,2.0453922748565674
204,11.815607070922852,-1.442819595336914,6,mouse1_lib1.final_cell_0205,delta,gamma,single_batch,1.2753573656082153
205,-2.841400623321533,2.644505023956299,5,mouse1_lib1.final_cell_0206,beta,beta,single_batch,0.3845422863960266
206,14.291937828063965,2.6237215995788574,2,mouse1_lib1.final_cell_0207,quiescent_stellate,quiescent_stellate,single_batch,2.2677674293518066
207,-3.6049177646636963,-4.477781772613525,0,mouse1_lib1.final_cell_0208,endothelial,endothelial,single_batch,2.327212333679199
208,-4.233497142791748,5.493927478790283,5,mouse1_lib1.final_cell_0209,beta,beta,single_batch,0.39662301540374756
209,7.818706512451172,7.719623565673828,3,mouse1_lib1.final_cell_0210,ductal,ductal,single_batch,1.2600536346435547
210,-1.573111653327942,2.781405210494995,5,mouse1_lib1.final_cell_0211,beta,beta,single_batch,0.3845422863960266
211,11.209977149963379,-2.4083476066589355,6,mouse1_lib1.final_cell_0212,delta,gamma,single_batch,1.2734856605529785
212,-2.051118850708008,3.9194259643554688,5,mouse1_lib1.final_cell_0213,beta,beta,single_batch,0.3845422863960266
213,-2.840426206588745,2.1639881134033203,5,mouse1_lib1.final_cell_0214,beta,beta,single_batch,0.6248979568481445
214,5.24511194229126,7.445620536804199,3,mouse1_lib1.final_cell_0215,ductal,ductal,single_batch,0.6394370198249817
215,-3.0281522274017334,3.751230478286743,5,mouse1_lib1.final_cell_0216,beta,beta,single_batch,0.3845422863960266
216,9.855690002441406,-3.288086414337158,6,mouse1_lib1.final_cell_0217,delta,gamma,single_batch,1.224100947380066
217,-1.523962140083313,2.5443429946899414,5,mouse1_lib1.final_cell_0218,beta,beta,single_batch,0.3845422863960266
218,-2.1705846786499023,4.941169738769531,5,mouse1_lib1.final_cell_0219,beta,beta,single_batch,0.3845422863960266
219,7.360857963562012,16.985214233398438,7,mouse1_lib1.final_cell_0220,delta,delta,single_batch,1.0658255815505981
220,6.404346466064453,7.541897773742676,3,mouse1_lib1.final_cell_0221,ductal,ductal,single_batch,0.5605119466781616
221,14.379008293151855,2.4285271167755127,2,mouse1_lib1.final_cell_0222,activated_stellate,quiescent_stellate,single_batch,2.6808598041534424
222,-2.5071301460266113,5.468331336975098,5,mouse1_lib1.final_cell_0223,beta,beta,single_batch,0.5035596489906311
223,-1.1145575046539307,2.883829116821289,5,mouse1_lib1.final_cell_0224,beta,beta,single_batch,0.3845422863960266
224,7.676413536071777,17.10399627685547,7,mouse1_lib1.final_cell_0225,delta,delta,single_batch,1.3610715866088867
225,11.658632278442383,-1.9131758213043213,6,mouse1_lib1.final_cell_0226,delta,gamma,single_batch,0.9948561787605286
226,7.630138397216797,7.589510917663574,3,mouse1_lib1.final_cell_0227,ductal,ductal,single_batch,0.7945001125335693
227,10.028109550476074,-3.157604694366455,6,mouse1_lib1.final_cell_0228,gamma,gamma,single_batch,1.0385174751281738
228,-2.244889497756958,3.5889077186584473,5,mouse1_lib1.final_cell_0229,beta,beta,single_batch,0.3845422863960266
229,-1.1130754947662354,0.7765432596206665,5,mouse1_lib1.final_cell_0230,beta,beta,single_batch,0.42167386412620544
230,9.897285461425781,-3.2585670948028564,6,mouse1_lib1.final_cell_0231,gamma,gamma,single_batch,1.0437530279159546
231,7.353759288787842,7.314845085144043,3,mouse1_lib1.final_cell_0232,ductal,ductal,single_batch,0.654257595539093
232,-3.1135776042938232,-5.3914384841918945,0,mouse1_lib1.final_cell_0233,endothelial,endothelial,single_batch,2.142228126525879
233,14.141546249389648,2.0928282737731934,2,mouse1_lib1.final_cell_0234,quiescent_stellate,quiescent_stellate,single_batch,2.0631072521209717
234,-4.310776233673096,-5.444091320037842,0,mouse1_lib1.final_cell_0235,endothelial,endothelial,single_batch,2.327212333679199
235,7.229555606842041,7.7939558029174805,3,mouse1_lib1.final_cell_0236,ductal,ductal,single_batch,0.6922687888145447
236,14.252371788024902,2.7578635215759277,2,mouse1_lib1.final_cell_0237,quiescent_stellate,quiescent_stellate,single_batch,2.6352593898773193
237,6.663788318634033,7.7058186531066895,3,mouse1_lib1.final_cell_0238,ductal,ductal,single_batch,0.6190348863601685
238,7.863792896270752,7.675342082977295,3,mouse1_lib1.final_cell_0239,ductal,ductal,single_batch,1.346868872642517
239,-3.482412338256836,3.2580885887145996,5,mouse1_lib1.final_cell_0240,beta,beta,single_batch,0.4182162284851074
240,-3.0487682819366455,3.815429925918579,5,mouse1_lib1.final_cell_0241,beta,beta,single_batch,0.3845422863960266
241,11.799554824829102,-1.4661941528320312,6,mouse1_lib1.final_cell_0242,delta,gamma,single_batch,1.5380674600601196
242,-3.065117835998535,5.114102363586426,5,mouse1_lib1.final_cell_0243,beta,beta,single_batch,0.3845422863960266
243,5.995307445526123,8.463842391967773,3,mouse1_lib1.final_cell_0244,ductal,ductal,single_batch,0.8006455898284912
244,11.338746070861816,-2.2537450790405273,6,mouse1_lib1.final_cell_0245,delta,gamma,single_batch,0.991885244846344
245,10.923196792602539,-2.6461212635040283,6,mouse1_lib1.final_cell_0246,delta,gamma,single_batch,1.1472238302230835
246,-4.764290809631348,5.853407859802246,5,mouse1_lib1.final_cell_0247,beta,beta,single_batch,0.6378126740455627
247,-1.9368529319763184,2.758070230484009,5,mouse1_lib1.final_cell_0248,beta,beta,single_batch,0.3845422863960266
248,6.127919673919678,7.445847511291504,3,mouse1_lib1.final_cell_0249,ductal,ductal,single_batch,0.6297219395637512
249,6.7662200927734375,7.586309909820557,3,mouse1_lib1.final_cell_0250,ductal,ductal,single_batch,0.6564659476280212
250,-3.385897636413574,-5.8494343757629395,0,mouse1_lib1.final_cell_0251,endothelial,endothelial,single_batch,2.327212333679199
251,-4.141636848449707,5.829066276550293,5,mouse1_lib1.final_cell_0252,beta,beta,single_batch,0.5088179707527161
252,14.118535041809082,2.034294605255127,2,mouse1_lib1.final_cell_0253,quiescent_stellate,quiescent_stellate,single_batch,2.19217586517334
253,10.388473510742188,-2.9540271759033203,6,mouse1_lib1.final_cell_0254,delta,gamma,single_batch,1.2701343297958374
254,7.254692077636719,7.998664379119873,3,mouse1_lib1.final_cell_0255,ductal,ductal,single_batch,0.8324652910232544
255,7.14741849899292,7.787684440612793,3,mouse1_lib1.final_cell_0256,ductal,ductal,single_batch,0.6891465783119202
256,-2.6657512187957764,4.2842488288879395,5,mouse1_lib1.final_cell_0257,beta,beta,single_batch,0.3845422863960266
257,-13.922568321228027,-2.2979962825775146,4,mouse1_lib1.final_cell_0258,ductal,T_cell,single_batch,0.9086512923240662
258,-1.39488685131073,3.6933979988098145,5,mouse1_lib1.final_cell_0259,beta,beta,single_batch,0.3845422863960266
259,-14.272579193115234,-2.2867915630340576,4,mouse1_lib1.final_cell_0260,ductal,T_cell,single_batch,0.8598231077194214
260,-14.171730041503906,-2.0232698917388916,4,mouse1_lib1.final_cell_0261,ductal,T_cell,single_batch,1.07448410987854
261,-12.640414237976074,-2.459423542022705,4,mouse1_lib1.final_cell_0262,ductal,T_cell,single_batch,0.8079890608787537
262,-15.064035415649414,-3.002579927444458,4,mouse1_lib1.final_cell_0263,B_cell,T_cell,single_batch,2.1603307723999023
263,6.368842601776123,7.1473708152771,3,mouse1_lib1.final_cell_0264,ductal,ductal,single_batch,0.939825177192688
264,-15.110058784484863,-2.9607303142547607,4,mouse1_lib1.final_cell_0265,T_cell,T_cell,single_batch,2.1603307723999023
265,-12.326422691345215,-3.016786813735962,4,mouse1_lib1.final_cell_0266,ductal,T_cell,single_batch,0.7111266851425171
266,7.891331195831299,7.6423726081848145,3,mouse1_lib1.final_cell_0267,ductal,ductal,single_batch,1.383686900138855
267,-1.799983263015747,4.725844383239746,5,mouse1_lib1.final_cell_0268,beta,beta,single_batch,0.39062070846557617
268,-13.5323486328125,-2.4232735633850098,4,mouse1_lib1.final_cell_0269,ductal,T_cell,single_batch,0.7322380542755127
269,-0.9844091534614563,1.0384860038757324,5,mouse1_lib1.final_cell_0270,beta,beta,single_batch,0.3845422863960266
270,7.499631881713867,7.2151947021484375,3,mouse1_lib1.final_cell_0271,ductal,ductal,single_batch,0.8055464625358582
271,7.3825178146362305,7.52377462387085,3,mouse1_lib1.final_cell_0272,ductal,ductal,single_batch,0.7691364288330078
272,5.89619779586792,7.027528762817383,3,mouse1_lib1.final_cell_0273,ductal,ductal,single_batch,1.0825241804122925
273,-13.527653694152832,-2.5233867168426514,4,mouse1_lib1.final_cell_0274,ductal,T_cell,single_batch,0.7842077612876892
274,-3.4474856853485107,-4.674485206604004,0,mouse1_lib1.final_cell_0275,endothelial,endothelial,single_batch,2.327212333679199
275,-3.155794620513916,-5.524898529052734,0,mouse1_lib1.final_cell_0276,endothelial,endothelial,single_batch,2.2018704414367676
276,-14.202695846557617,-2.295591115951538,4,mouse1_lib1.final_cell_0277,ductal,T_cell,single_batch,0.8595982193946838
277,-2.327711820602417,3.56603741645813,5,mouse1_lib2.final_cell_0001,beta,beta,single_batch,0.3845422863960266
278,6.684680461883545,6.6301422119140625,3,mouse1_lib2.final_cell_0002,schwann,ductal,single_batch,1.9324549436569214
279,8.257094383239746,17.28799057006836,7,mouse1_lib2.final_cell_0003,delta,delta,single_batch,1.8206340074539185
280,11.478752136230469,-2.16227388381958,6,mouse1_lib2.final_cell_0004,alpha,gamma,single_batch,1.1296900510787964
281,-0.9777349829673767,2.237739086151123,5,mouse1_lib2.final_cell_0005,beta,beta,single_batch,0.3845422863960266
282,-4.050325393676758,5.452075481414795,5,mouse1_lib2.final_cell_0006,beta,beta,single_batch,0.4132874310016632
283,4.7128987312316895,7.6588616371154785,3,mouse1_lib2.final_cell_0007,ductal,ductal,single_batch,0.7419410943984985
284,-3.5378828048706055,2.8161633014678955,5,mouse1_lib2.final_cell_0008,beta,beta,single_batch,1.3260284662246704
285,10.552287101745605,-2.825371265411377,6,mouse1_lib2.final_cell_0009,alpha,gamma,single_batch,1.2593153715133667
286,14.476031303405762,2.564703941345215,2,mouse1_lib2.final_cell_0010,schwann,quiescent_stellate,single_batch,2.6808598041534424
287,6.942742824554443,8.163525581359863,3,mouse1_lib2.final_cell_0011,ductal,ductal,single_batch,0.7408993244171143
288,6.203000545501709,8.471938133239746,3,mouse1_lib2.final_cell_0012,ductal,ductal,single_batch,0.7552417516708374
289,5.243749141693115,7.911518573760986,3,mouse1_lib2.final_cell_0013,ductal,ductal,single_batch,0.6446439623832703
290,14.371451377868652,2.663963794708252,2,mouse1_lib2.final_cell_0014,quiescent_stellate,quiescent_stellate,single_batch,2.6808598041534424
291,-2.0179526805877686,2.2768256664276123,5,mouse1_lib2.final_cell_0015,beta,beta,single_batch,0.3845422863960266
292,5.95630407333374,7.281900882720947,3,mouse1_lib2.final_cell_0016,ductal,ductal,single_batch,0.8700642585754395
293,4.333321571350098,8.389690399169922,3,mouse1_lib2.final_cell_0017,ductal,ductal,single_batch,0.8683386445045471
294,-4.091727256774902,-5.940859317779541,0,mouse1_lib2.final_cell_0018,endothelial,endothelial,single_batch,2.327212333679199
295,-4.310295581817627,5.534180164337158,5,mouse1_lib2.final_cell_0019,beta,beta,single_batch,0.4075337052345276
296,-11.934161186218262,-3.500330686569214,4,mouse1_lib2.final_cell_0020,ductal,T_cell,single_batch,1.1439716815948486
297,7.2740020751953125,7.244397163391113,3,mouse1_lib2.final_cell_0021,ductal,ductal,single_batch,0.6908894777297974
298,-11.901151657104492,-3.4366726875305176,4,mouse1_lib2.final_cell_0022,ductal,T_cell,single_batch,0.9342338442802429
299,-12.122957229614258,-3.6674208641052246,4,mouse1_lib2.final_cell_0023,ductal,T_cell,single_batch,1.0106021165847778
300,-11.780692100524902,-3.485109567642212,4,mouse1_lib2.final_cell_0024,ductal,T_cell,single_batch,1.578603982925415
301,-1.9439477920532227,4.450804710388184,5,mouse1_lib2.final_cell_0025,beta,beta,single_batch,0.3845422863960266
302,6.221729278564453,8.562747955322266,3,mouse1_lib2.final_cell_0026,ductal,ductal,single_batch,0.8685605525970459
303,4.186206340789795,7.823513031005859,3,mouse1_lib2.final_cell_0027,ductal,ductal,single_batch,0.7017834186553955
304,-12.94698715209961,-3.1594481468200684,4,mouse1_lib2.final_cell_0028,ductal,T_cell,single_batch,1.106903314590454
305,5.053071022033691,8.201578140258789,3,mouse1_lib2.final_cell_0029,ductal,ductal,single_batch,0.6526536345481873
306,-12.261402130126953,-3.6696465015411377,4,mouse1_lib2.final_cell_0030,ductal,T_cell,single_batch,1.2258737087249756
307,-3.600130796432495,-4.42510461807251,0,mouse1_lib2.final_cell_0031,endothelial,endothelial,single_batch,2.327212333679199
308,-1.8203333616256714,3.367461681365967,5,mouse1_lib2.final_cell_0032,beta,beta,single_batch,0.3845422863960266
309,-1.0418481826782227,1.989505648612976,5,mouse1_lib2.final_cell_0033,beta,beta,single_batch,0.3845422863960266
310,10.886451721191406,-2.6076951026916504,6,mouse1_lib2.final_cell_0034,beta,gamma,single_batch,1.2207878828048706
311,-3.693913698196411,-4.360093593597412,0,mouse1_lib2.final_cell_0035,endothelial,endothelial,single_batch,2.327212333679199
312,6.4364776611328125,7.137213706970215,3,mouse1_lib2.final_cell_0036,ductal,ductal,single_batch,0.6782276630401611
313,-1.193136215209961,2.035665988922119,5,mouse1_lib2.final_cell_0037,beta,beta,single_batch,0.3845422863960266
314,-1.296949028968811,2.4889132976531982,5,mouse1_lib2.final_cell_0038,beta,beta,single_batch,0.3845422863960266
315,-0.9342071413993835,1.8544373512268066,5,mouse1_lib2.final_cell_0039,beta,beta,single_batch,0.3845422863960266
316,6.445724964141846,7.5305256843566895,3,mouse1_lib2.final_cell_0040,ductal,ductal,single_batch,0.6173948645591736
317,-1.672935962677002,2.3942253589630127,5,mouse1_lib2.final_cell_0041,beta,beta,single_batch,0.3845422863960266
318,-0.965087890625,1.539400577545166,5,mouse1_lib2.final_cell_0042,beta,beta,single_batch,0.4302557706832886
319,-12.430938720703125,-2.5899908542633057,4,mouse1_lib2.final_cell_0043,ductal,T_cell,single_batch,0.7772106528282166
320,-0.8640778660774231,1.7818653583526611,5,mouse1_lib2.final_cell_0044,beta,beta,single_batch,0.3845422863960266
321,6.301695346832275,7.652758598327637,3,mouse1_lib2.final_cell_0045,ductal,ductal,single_batch,0.5538856387138367
322,-4.4088335037231445,-5.562684535980225,0,mouse1_lib2.final_cell_0046,endothelial,endothelial,single_batch,2.172214984893799
323,7.734048366546631,7.736841678619385,3,mouse1_lib2.final_cell_0047,ductal,ductal,single_batch,1.0638160705566406
324,-4.423448085784912,-5.83860969543457,0,mouse1_lib2.final_cell_0048,endothelial,endothelial,single_batch,2.327212333679199
325,-4.456699371337891,5.799827575683594,5,mouse1_lib2.final_cell_0049,beta,beta,single_batch,0.5394222140312195
326,-3.6785967350006104,-4.36798620223999,0,mouse1_lib2.final_cell_0050,endothelial,endothelial,single_batch,2.327212333679199
327,4.1568217277526855,8.51535415649414,3,mouse1_lib2.final_cell_0051,ductal,ductal,single_batch,1.3486759662628174
328,-11.806973457336426,-3.4034690856933594,4,mouse1_lib2.final_cell_0052,ductal,T_cell,single_batch,0.9259864687919617
329,-2.7942583560943604,4.160562038421631,5,mouse1_lib2.final_cell_0053,beta,beta,single_batch,0.470126748085022
330,6.15137243270874,8.646820068359375,3,mouse1_lib2.final_cell_0054,ductal,ductal,single_batch,0.8628038763999939
331,-3.834373712539673,-5.844179630279541,0,mouse1_lib2.final_cell_0055,endothelial,endothelial,single_batch,2.022765874862671
332,14.095094680786133,2.0456130504608154,2,mouse1_lib2.final_cell_0056,endothelial,quiescent_stellate,single_batch,2.5597176551818848
333,-15.043429374694824,-3.027846097946167,4,mouse1_lib2.final_cell_0057,immune_other,T_cell,single_batch,2.1603307723999023
334,-3.4930343627929688,4.323388576507568,5,mouse1_lib2.final_cell_0058,beta,beta,single_batch,0.3845422863960266
335,4.339186668395996,8.479559898376465,3,mouse1_lib2.final_cell_0059,ductal,ductal,single_batch,0.9207005500793457
336,-3.973752021789551,3.9869959354400635,5,mouse1_lib2.final_cell_0060,beta,beta,single_batch,0.7676337957382202
337,-3.8824474811553955,5.455605506896973,5,mouse1_lib2.final_cell_0061,beta,beta,single_batch,0.3845422863960266
338,-1.1080312728881836,1.3341606855392456,5,mouse1_lib2.final_cell_0062,beta,beta,single_batch,0.3845422863960266
339,-2.0498995780944824,3.296705722808838,5,mouse1_lib2.final_cell_0063,beta,beta,single_batch,0.3845422863960266
340,8.601508140563965,17.44493293762207,7,mouse1_lib2.final_cell_0064,delta,delta,single_batch,2.1447393894195557
341,-2.9642245769500732,3.43133807182312,5,mouse1_lib2.final_cell_0065,beta,beta,single_batch,0.3845422863960266
342,5.982028007507324,8.671792984008789,3,mouse1_lib2.final_cell_0066,ductal,ductal,single_batch,0.8086357116699219
343,-3.9937820434570312,5.4099602699279785,5,mouse1_lib2.final_cell_0067,beta,beta,single_batch,0.3845422863960266
344,-11.870353698730469,-3.3317179679870605,4,mouse1_lib2.final_cell_0068,ductal,T_cell,single_batch,0.8640039563179016
345,-4.3082146644592285,-5.773659706115723,0,mouse1_lib2.final_cell_0069,endothelial,endothelial,single_batch,2.129969596862793
346,-1.8995476961135864,1.5569276809692383,5,mouse1_lib2.final_cell_0070,beta,beta,single_batch,0.3845422863960266
347,4.097641468048096,8.536904335021973,3,mouse1_lib2.final_cell_0071,ductal,ductal,single_batch,1.3361235857009888
348,-11.970340728759766,-3.074878692626953,4,mouse1_lib2.final_cell_0072,ductal,T_cell,single_batch,0.9983177185058594
349,-1.237955093383789,3.3234236240386963,5,mouse1_lib2.final_cell_0073,beta,beta,single_batch,0.3845422863960266
350,-3.057215690612793,3.449716091156006,5,mouse1_lib2.final_cell_0074,beta,beta,single_batch,0.3845422863960266
351,-2.052611827850342,1.8031381368637085,5,mouse1_lib2.final_cell_0075,beta,beta,single_batch,0.3845422863960266
352,-1.9234755039215088,3.25095796585083,5,mouse1_lib2.final_cell_0076,beta,beta,single_batch,0.3845422863960266
353,5.29561185836792,8.70604419708252,3,mouse1_lib2.final_cell_0077,ductal,ductal,single_batch,1.049058198928833
354,-3.569310188293457,-4.502848148345947,0,mouse1_lib2.final_cell_0078,endothelial,endothelial,single_batch,2.327212333679199
355,12.809946060180664,19.04393768310547,1,mouse1_lib2.final_cell_0079,macrophage,macrophage,single_batch,3.0974042415618896
356,-1.6674989461898804,1.366339921951294,5,mouse1_lib2.final_cell_0080,beta,beta,single_batch,0.3884928524494171
357,6.357673168182373,8.565665245056152,3,mouse1_lib2.final_cell_0081,ductal,ductal,single_batch,0.80779629945755
358,-2.516054630279541,2.0429465770721436,5,mouse1_lib2.final_cell_0082,beta,beta,single_batch,0.3845422863960266
359,5.047971725463867,8.54877758026123,3,mouse1_lib2.final_cell_0083,ductal,ductal,single_batch,0.834730863571167
360,-2.8125429153442383,4.0036444664001465,5,mouse1_lib2.final_cell_0084,beta,beta,single_batch,0.3845422863960266
361,11.964232444763184,-1.1758413314819336,6,mouse1_lib2.final_cell_0085,beta,gamma,single_batch,1.294416904449463
362,11.953276634216309,-1.1821892261505127,6,mouse1_lib2.final_cell_0086,delta,gamma,single_batch,0.9423607587814331
363,-1.098111867904663,0.7852491140365601,5,mouse1_lib2.final_cell_0087,beta,beta,single_batch,0.3845422863960266
364,12.864640235900879,19.0987491607666,1,mouse1_lib2.final_cell_0088,macrophage,macrophage,single_batch,3.0974042415618896
365,-2.1482672691345215,2.8376479148864746,5,mouse1_lib2.final_cell_0089,beta,beta,single_batch,0.3845422863960266
366,-2.1059887409210205,4.859865665435791,5,mouse1_lib2.final_cell_0090,beta,beta,single_batch,0.3899107575416565
367,-2.694138765335083,2.127403974533081,5,mouse1_lib2.final_cell_0091,beta,beta,single_batch,0.3845422863960266
368,-2.1118452548980713,2.395413875579834,5,mouse1_lib2.final_cell_0092,beta,beta,single_batch,0.3845422863960266
369,14.30545425415039,2.6998796463012695,2,mouse1_lib2.final_cell_0093,quiescent_stellate,quiescent_stellate,single_batch,2.6808598041534424
370,-4.065975666046143,5.8322625160217285,5,mouse1_lib2.final_cell_0094,beta,beta,single_batch,0.7070971131324768
371,-3.367861032485962,-5.882744312286377,0,mouse1_lib2.final_cell_0095,endothelial,endothelial,single_batch,2.327212333679199
372,-2.4409263134002686,2.040616273880005,5,mouse1_lib2.final_cell_0096,beta,beta,single_batch,0.3845422863960266
373,-2.1771936416625977,4.568657398223877,5,mouse1_lib2.final_cell_0097,beta,beta,single_batch,0.46760883927345276
374,-1.0131474733352661,2.656386375427246,5,mouse1_lib2.final_cell_0098,beta,beta,single_batch,0.3845422863960266
375,12.825091361999512,19.05905532836914,1,mouse1_lib2.final_cell_0099,macrophage,macrophage,single_batch,3.0974042415618896
376,6.132091045379639,8.464341163635254,3,mouse1_lib2.final_cell_0100,ductal,ductal,single_batch,0.718112051486969
377,-4.103959560394287,5.081989765167236,5,mouse1_lib2.final_cell_0101,beta,beta,single_batch,0.38859909772872925
378,-3.568347454071045,-5.925817012786865,0,mouse1_lib2.final_cell_0102,endothelial,endothelial,single_batch,2.327212333679199
379,-3.154723882675171,5.3328471183776855,5,mouse1_lib2.final_cell_0103,beta,beta,single_batch,0.3845422863960266
380,-2.2780745029449463,2.4344851970672607,5,mouse1_lib2.final_cell_0104,beta,beta,single_batch,0.3845422863960266
381,11.286277770996094,-2.345127820968628,6,mouse1_lib2.final_cell_0105,delta,gamma,single_batch,1.085413932800293
382,12.693321228027344,18.92706871032715,1,mouse1_lib2.final_cell_0106,macrophage,macrophage,single_batch,3.0974042415618896
383,6.7503981590271,6.619017124176025,3,mouse1_lib2.final_cell_0107,ductal,ductal,single_batch,1.5383864641189575
384,-0.8984981179237366,0.7440693974494934,5,mouse1_lib2.final_cell_0108,beta,beta,single_batch,0.3845422863960266
385,-3.054161310195923,4.853026390075684,5,mouse1_lib2.final_cell_0109,beta,beta,single_batch,0.3845422863960266
386,-12.556563377380371,-3.3827781677246094,4,mouse1_lib2.final_cell_0110,ductal,T_cell,single_batch,0.8149836659431458
387,-1.557617425918579,1.266666293144226,5,mouse1_lib2.final_cell_0111,beta,beta,single_batch,0.42853227257728577
388,-1.8060600757598877,2.0577549934387207,5,mouse1_lib2.final_cell_0112,beta,beta,single_batch,0.3845422863960266
389,6.910486221313477,16.652013778686523,7,mouse1_lib2.final_cell_0113,delta,delta,single_batch,1.0489007234573364
390,14.115325927734375,2.1895735263824463,2,mouse1_lib2.final_cell_0114,quiescent_stellate,quiescent_stellate,single_batch,2.4059698581695557
391,-2.669459342956543,4.62654447555542,5,mouse1_lib2.final_cell_0115,beta,beta,single_batch,0.3845422863960266
392,-4.197811126708984,5.843699932098389,5,mouse1_lib2.final_cell_0116,beta,beta,single_batch,0.4389111399650574
393,4.976137161254883,8.237419128417969,3,mouse1_lib2.final_cell_0117,ductal,ductal,single_batch,0.6517966389656067
394,-0.5268829464912415,1.558885931968689,5,mouse1_lib2.final_cell_0118,beta,beta,single_batch,0.43408262729644775
395,-3.1637120246887207,-5.576864719390869,0,mouse1_lib2.final_cell_0119,endothelial,endothelial,single_batch,2.01926851272583
396,-3.1999356746673584,3.888460397720337,5,mouse1_lib2.final_cell_0120,beta,beta,single_batch,0.3845422863960266
397,12.07987117767334,-1.0809051990509033,6,mouse1_lib2.final_cell_0121,delta,gamma,single_batch,0.9925188422203064
398,-1.0807839632034302,2.9610180854797363,5,mouse1_lib2.final_cell_0122,beta,beta,single_batch,0.3845422863960266
399,6.6884236335754395,16.464311599731445,7,mouse1_lib2.final_cell_0123,delta,delta,single_batch,1.4440655708312988
400,-4.267727851867676,-5.487838268280029,0,mouse1_lib2.final_cell_0124,endothelial,endothelial,single_batch,2.1630358695983887
401,-3.3673899173736572,3.2916431427001953,5,mouse1_lib2.final_cell_0125,beta,beta,single_batch,0.3910597860813141
402,-3.413086175918579,2.938357353210449,5,mouse1_lib2.final_cell_0126,beta,beta,single_batch,0.4727468490600586
403,-14.573914527893066,-2.069768190383911,4,mouse1_lib2.final_cell_0127,ductal,T_cell,single_batch,0.8800542950630188
404,6.7848005294799805,16.55086898803711,7,mouse1_lib2.final_cell_0128,gamma,delta,single_batch,1.0922558307647705
405,9.820945739746094,-3.316927433013916,6,mouse1_lib2.final_cell_0129,gamma,gamma,single_batch,1.2934725284576416
406,7.280026912689209,8.088973999023438,3,mouse1_lib2.final_cell_0130,ductal,ductal,single_batch,0.8837356567382812
407,9.81030559539795,-3.333376169204712,6,mouse1_lib2.final_cell_0131,beta,gamma,single_batch,1.3661237955093384
408,-3.086346387863159,-5.720561981201172,0,mouse1_lib2.final_cell_0132,endothelial,endothelial,single_batch,2.3045592308044434
409,-2.37378191947937,5.002547740936279,5,mouse1_lib2.final_cell_0133,beta,beta,single_batch,0.6651932001113892
410,-0.9480557441711426,2.9157369136810303,5,mouse1_lib2.final_cell_0134,beta,beta,single_batch,0.3845422863960266
411,11.084589004516602,-2.479600667953491,6,mouse1_lib2.final_cell_0135,delta,gamma,single_batch,0.967891275882721
412,-13.871164321899414,-2.3310129642486572,4,mouse1_lib2.final_cell_0136,ductal,T_cell,single_batch,0.770615816116333
413,-2.444244384765625,5.48884391784668,5,mouse1_lib2.final_cell_0137,beta,beta,single_batch,0.536888062953949
414,7.062400817871094,16.762081146240234,7,mouse1_lib2.final_cell_0138,delta,delta,single_batch,1.1898293495178223
415,-3.7097911834716797,-4.324666976928711,0,mouse1_lib2.final_cell_0139,endothelial,endothelial,single_batch,2.327212333679199
416,11.30299186706543,-2.281695604324341,6,mouse1_lib2.final_cell_0140,gamma,gamma,single_batch,1.1245025396347046
417,-14.423495292663574,-2.206759452819824,4,mouse1_lib2.final_cell_0141,ductal,T_cell,single_batch,0.9268276691436768
418,12.650764465332031,18.88459587097168,1,mouse1_lib2.final_cell_0142,macrophage,macrophage,single_batch,3.0974042415618896
419,14.054404258728027,1.9827550649642944,2,mouse1_lib2.final_cell_0143,quiescent_stellate,quiescent_stellate,single_batch,2.247400999069214
420,4.062313556671143,7.951406955718994,3,mouse1_lib2.final_cell_0144,ductal,ductal,single_batch,0.9077255725860596
421,-1.8571116924285889,1.4220105409622192,5,mouse1_lib2.final_cell_0145,beta,beta,single_batch,0.3845422863960266
422,-0.9709621071815491,0.7398635745048523,5,mouse1_lib2.final_cell_0146,beta,beta,single_batch,0.3845422863960266
423,-1.2079298496246338,1.0610145330429077,5,mouse1_lib2.final_cell_0147,beta,beta,single_batch,0.3845422863960266
424,-2.7422401905059814,2.3137595653533936,5,mouse1_lib2.final_cell_0148,beta,beta,single_batch,0.3845422863960266
425,-2.6895198822021484,2.811122417449951,5,mouse1_lib2.final_cell_0149,beta,beta,single_batch,0.3845422863960266
426,11.341846466064453,-2.1810014247894287,6,mouse1_lib2.final_cell_0150,delta,gamma,single_batch,1.0225602388381958
427,6.059659957885742,7.00594425201416,3,mouse1_lib2.final_cell_0151,ductal,ductal,single_batch,1.1133813858032227
428,-2.692915439605713,3.267275094985962,5,mouse1_lib2.final_cell_0152,beta,beta,single_batch,0.3845422863960266
429,5.27133846282959,7.26044225692749,3,mouse1_lib2.final_cell_0153,ductal,ductal,single_batch,0.7732892036437988
430,11.517888069152832,-2.157334804534912,6,mouse1_lib2.final_cell_0154,delta,gamma,single_batch,1.4164458513259888
431,6.774607181549072,16.54212760925293,7,mouse1_lib2.final_cell_0155,delta,delta,single_batch,1.1445633172988892
432,-2.5814974308013916,4.9575419425964355,5,mouse1_lib2.final_cell_0156,beta,beta,single_batch,0.3845422863960266
433,-1.6257160902023315,4.6552605628967285,5,mouse1_lib2.final_cell_0157,beta,beta,single_batch,0.3845422863960266
434,-4.302984714508057,-5.580976963043213,0,mouse1_lib2.final_cell_0158,endothelial,endothelial,single_batch,1.9039560556411743
435,-2.5064847469329834,5.483119964599609,5,mouse1_lib2.final_cell_0159,beta,beta,single_batch,0.4652954339981079
436,11.333765029907227,-2.309201955795288,6,mouse1_lib2.final_cell_0160,delta,gamma,single_batch,0.9189324975013733
437,-1.5362372398376465,1.0107907056808472,5,mouse1_lib2.final_cell_0161,beta,beta,single_batch,0.3845422863960266
438,8.575182914733887,17.42302703857422,7,mouse1_lib2.final_cell_0162,delta,delta,single_batch,2.3581693172454834
439,-4.728024482727051,5.78212308883667,5,mouse1_lib2.final_cell_0163,beta,beta,single_batch,0.61939936876297
440,10.043096542358398,-3.139146089553833,6,mouse1_lib2.final_cell_0164,alpha,gamma,single_batch,1.3379193544387817
441,-14.213059425354004,-2.309302806854248,4,mouse1_lib2.final_cell_0165,ductal,T_cell,single_batch,1.0314891338348389
442,-2.285327911376953,2.926612138748169,5,mouse1_lib2.final_cell_0166,beta,beta,single_batch,0.3845422863960266
443,14.110994338989258,2.0190682411193848,2,mouse1_lib2.final_cell_0167,quiescent_stellate,quiescent_stellate,single_batch,1.9906951189041138
444,7.572958946228027,7.6881103515625,3,mouse1_lib2.final_cell_0168,ductal,ductal,single_batch,0.767690896987915
445,-1.0317217111587524,0.9484796524047852,5,mouse1_lib2.final_cell_0169,beta,beta,single_batch,0.3845422863960266
446,-3.6749250888824463,-5.897239685058594,0,mouse1_lib2.final_cell_0170,endothelial,endothelial,single_batch,2.119209051132202
447,-12.859758377075195,-3.119744300842285,4,mouse1_lib2.final_cell_0171,ductal,T_cell,single_batch,0.8100894093513489
448,-4.035912990570068,4.529758930206299,5,mouse1_lib2.final_cell_0172,beta,beta,single_batch,0.4258027970790863
449,10.514978408813477,-2.846503734588623,6,mouse1_lib2.final_cell_0173,beta,gamma,single_batch,1.3611611127853394
450,-3.371587038040161,5.510775089263916,5,mouse1_lib2.final_cell_0174,beta,beta,single_batch,0.3845422863960266
451,-3.449634075164795,3.406681776046753,5,mouse1_lib2.final_cell_0175,beta,beta,single_batch,0.3845422863960266
452,-0.9887621402740479,1.5158683061599731,5,mouse1_lib2.final_cell_0176,beta,beta,single_batch,0.3845422863960266
453,-0.6640458106994629,1.1624318361282349,5,mouse1_lib2.final_cell_0177,beta,beta,single_batch,0.3845422863960266
454,-0.5841099619865417,1.7073616981506348,5,mouse1_lib2.final_cell_0178,beta,beta,single_batch,0.3845422863960266
455,-4.3826093673706055,-5.587108135223389,0,mouse1_lib2.final_cell_0179,endothelial,endothelial,single_batch,2.0940773487091064
456,-3.919360876083374,4.232811450958252,5,mouse1_lib2.final_cell_0180,beta,beta,single_batch,0.4094419777393341
457,3.7806079387664795,8.330204010009766,3,mouse1_lib2.final_cell_0181,ductal,ductal,single_batch,1.4631996154785156
458,-1.7653254270553589,1.6684011220932007,5,mouse1_lib2.final_cell_0182,beta,beta,single_batch,0.3848554790019989
459,-3.3462400436401367,-5.080521106719971,0,mouse1_lib2.final_cell_0183,endothelial,endothelial,single_batch,2.327212333679199
460,-1.371756672859192,3.153064012527466,5,mouse1_lib2.final_cell_0184,beta,beta,single_batch,0.3845422863960266
461,-0.45403826236724854,1.455505609512329,5,mouse1_lib2.final_cell_0185,beta,beta,single_batch,0.4436158239841461
462,12.806523323059082,19.040483474731445,1,mouse1_lib2.final_cell_0186,macrophage,macrophage,single_batch,3.0974042415618896
463,-3.5781004428863525,2.9145710468292236,5,mouse1_lib2.final_cell_0187,beta,beta,single_batch,0.6597045063972473
464,10.996515274047852,-2.5537166595458984,6,mouse1_lib2.final_cell_0188,delta,gamma,single_batch,1.0490362644195557
465,-4.22417688369751,5.894706726074219,5,mouse1_lib2.final_cell_0189,beta,beta,single_batch,0.4384250342845917
466,-2.3460726737976074,4.319197177886963,5,mouse1_lib2.final_cell_0190,beta,beta,single_batch,0.3845422863960266
467,-2.112879514694214,2.5474507808685303,5,mouse1_lib2.final_cell_0191,beta,beta,single_batch,0.3845422863960266
468,-2.2576839923858643,3.0735065937042236,5,mouse1_lib2.final_cell_0192,beta,beta,single_batch,0.3845422863960266
469,-3.435915946960449,2.700648546218872,5,mouse1_lib2.final_cell_0193,beta,beta,single_batch,0.6034378409385681
470,7.060183525085449,7.955223083496094,3,mouse1_lib2.final_cell_0194,ductal,ductal,single_batch,0.6698766946792603
471,-3.3231000900268555,5.47674560546875,5,mouse1_lib2.final_cell_0195,beta,beta,single_batch,0.39650997519493103
472,-3.963585376739502,3.9442596435546875,5,mouse1_lib2.final_cell_0196,beta,beta,single_batch,0.8405333757400513
473,-1.4665989875793457,1.8509618043899536,5,mouse1_lib2.final_cell_0197,beta,beta,single_batch,0.5636041164398193
474,8.64387035369873,17.47994613647461,8,mouse1_lib2.final_cell_0198,gamma,alpha,single_batch,2.114745616912842
475,9.930736541748047,-3.2299251556396484,6,mouse1_lib2.final_cell_0199,beta,gamma,single_batch,1.140467643737793
476,-4.167059421539307,-5.92842960357666,0,mouse1_lib2.final_cell_0200,endothelial,endothelial,single_batch,2.290367364883423
477,12.727754592895508,18.961715698242188,1,mouse1_lib2.final_cell_0201,macrophage,macrophage,single_batch,3.0974042415618896
478,-3.732125759124756,-4.3080058097839355,0,mouse1_lib2.final_cell_0202,endothelial,endothelial,single_batch,2.327212333679199
479,-3.673548936843872,4.619119167327881,5,mouse1_lib2.final_cell_0203,beta,beta,single_batch,0.3845422863960266
480,-3.010556221008301,3.4650726318359375,5,mouse1_lib2.final_cell_0204,beta,beta,single_batch,0.3845422863960266
481,5.534126281738281,7.846708297729492,3,mouse1_lib2.final_cell_0205,ductal,ductal,single_batch,0.6650633215904236
482,-3.075721263885498,-5.41250467300415,0,mouse1_lib2.final_cell_0206,endothelial,endothelial,single_batch,2.1886520385742188
483,-1.3670424222946167,4.427962779998779,5,mouse1_lib2.final_cell_0207,beta,beta,single_batch,0.3845422863960266
484,-2.9045445919036865,4.843911647796631,5,mouse1_lib2.final_cell_0208,beta,beta,single_batch,0.3845422863960266
485,-3.007925510406494,5.388949871063232,5,mouse1_lib2.final_cell_0209,beta,beta,single_batch,0.6214855313301086
486,9.84053897857666,-3.307097911834717,6,mouse1_lib2.final_cell_0210,delta,gamma,single_batch,1.4346574544906616
487,-1.6005949974060059,3.456265449523926,5,mouse1_lib2.final_cell_0211,beta,beta,single_batch,0.3845422863960266
488,14.300786972045898,2.26129150390625,2,mouse1_lib2.final_cell_0212,quiescent_stellate,quiescent_stellate,single_batch,2.2581799030303955
489,11.545511245727539,-2.1661384105682373,6,mouse1_lib2.final_cell_0213,delta,gamma,single_batch,1.2365717887878418
490,-0.8599388003349304,1.7536484003067017,5,mouse1_lib2.final_cell_0214,beta,beta,single_batch,0.44254961609840393
491,-1.121637225151062,0.8718534708023071,5,mouse1_lib2.final_cell_0215,beta,beta,single_batch,0.3845422863960266
492,-3.3928399085998535,2.8136110305786133,5,mouse1_lib2.final_cell_0216,beta,beta,single_batch,0.4080890119075775
493,14.165363311767578,2.0732967853546143,2,mouse1_lib2.final_cell_0217,quiescent_stellate,quiescent_stellate,single_batch,1.8949404954910278
494,8.151001930236816,17.21384620666504,7,mouse1_lib2.final_cell_0218,delta,delta,single_batch,1.7881107330322266
495,-12.275531768798828,-2.8789865970611572,4,mouse1_lib2.final_cell_0219,ductal,T_cell,single_batch,0.8753917217254639
496,6.123380661010742,7.607673645019531,3,mouse1_lib2.final_cell_0220,ductal,ductal,single_batch,0.5860234498977661
497,-0.5774283409118652,2.272242307662964,5,mouse1_lib2.final_cell_0221,beta,beta,single_batch,0.3845422863960266
498,-1.6879304647445679,3.072202682495117,5,mouse1_lib2.final_cell_0222,beta,beta,single_batch,0.43738874793052673
499,-3.219658136367798,-5.577306747436523,0,mouse1_lib2.final_cell_0223,endothelial,endothelial,single_batch,1.996799349784851
500,-3.4567034244537354,4.5827436447143555,5,mouse1_lib2.final_cell_0224,beta,beta,single_batch,0.3845422863960266
501,-3.040093183517456,5.425995826721191,5,mouse1_lib2.final_cell_0225,beta,beta,single_batch,0.48763829469680786
502,11.933053970336914,-1.1714801788330078,6,mouse1_lib2.final_cell_0226,delta,gamma,single_batch,1.174372911453247
503,14.111557006835938,2.0238518714904785,2,mouse1_lib2.final_cell_0227,quiescent_stellate,quiescent_stellate,single_batch,2.02431583404541
504,9.780311584472656,-3.362285852432251,6,mouse1_lib2.final_cell_0228,gamma,gamma,single_batch,1.441042423248291
505,10.538023948669434,-2.840829372406006,6,mouse1_lib2.final_cell_0229,delta,gamma,single_batch,1.09380042552948
506,-1.1104164123535156,0.7387404441833496,5,mouse1_lib2.final_cell_0230,beta,beta,single_batch,0.4558296799659729
507,7.426023960113525,17.0111026763916,7,mouse1_lib2.final_cell_0231,delta,delta,single_batch,1.2447021007537842
508,-2.9606008529663086,2.5499684810638428,5,mouse1_lib2.final_cell_0232,beta,beta,single_batch,0.3845422863960266
509,4.980940341949463,8.521915435791016,3,mouse1_lib2.final_cell_0233,ductal,ductal,single_batch,0.731841504573822
510,-14.253739356994629,-2.289003372192383,4,mouse1_lib2.final_cell_0234,ductal,T_cell,single_batch,1.0386731624603271
511,-2.812091827392578,3.461505889892578,5,mouse1_lib2.final_cell_0235,beta,beta,single_batch,0.3845422863960266
512,-3.0245707035064697,3.479163646697998,5,mouse1_lib2.final_cell_0236,beta,beta,single_batch,0.3845422863960266
513,11.187054634094238,-2.2702667713165283,6,mouse1_lib2.final_cell_0237,delta,gamma,single_batch,0.9921767115592957
514,-0.8444741368293762,0.7828657031059265,5,mouse1_lib2.final_cell_0238,beta,beta,single_batch,0.385624498128891
515,-3.1879866123199463,-5.113356113433838,0,mouse1_lib2.final_cell_0239,endothelial,endothelial,single_batch,2.327212333679199
516,12.110285758972168,-0.9965486526489258,6,mouse1_lib2.final_cell_0240,delta,gamma,single_batch,1.145132303237915
517,7.0770769119262695,16.772607803344727,7,mouse1_lib2.final_cell_0241,delta,delta,single_batch,1.1048249006271362
518,-3.0989816188812256,2.5708320140838623,5,mouse1_lib2.final_cell_0242,beta,beta,single_batch,0.3845422863960266
519,6.679733753204346,16.456361770629883,7,mouse1_lib2.final_cell_0243,delta,delta,single_batch,1.499009609222412
520,-4.61246919631958,5.917850494384766,5,mouse1_lib2.final_cell_0244,alpha,beta,single_batch,1.1326560974121094
521,14.345638275146484,2.642827272415161,2,mouse1_lib2.final_cell_0245,quiescent_stellate,quiescent_stellate,single_batch,2.5764083862304688
522,-2.6480584144592285,3.5732195377349854,5,mouse1_lib2.final_cell_0246,beta,beta,single_batch,0.3845422863960266
523,10.48853874206543,-2.870088577270508,6,mouse1_lib2.final_cell_0247,gamma,gamma,single_batch,0.9620781540870667
524,-4.286949634552002,-5.911184787750244,0,mouse1_lib2.final_cell_0248,endothelial,endothelial,single_batch,2.327212333679199
525,11.014009475708008,-2.5414915084838867,6,mouse1_lib2.final_cell_0249,delta,gamma,single_batch,1.0059103965759277
526,-14.172040939331055,-2.3384528160095215,4,mouse1_lib2.final_cell_0250,ductal,T_cell,single_batch,0.9330820441246033
527,7.536642074584961,7.276652812957764,3,mouse1_lib2.final_cell_0251,ductal,ductal,single_batch,0.8767938613891602
528,-1.1320439577102661,3.4345614910125732,5,mouse1_lib2.final_cell_0252,beta,beta,single_batch,0.3845422863960266
529,7.694357395172119,17.116626739501953,7,mouse1_lib2.final_cell_0253,delta,delta,single_batch,1.3611338138580322
530,-2.019655466079712,2.6909918785095215,5,mouse1_lib2.final_cell_0254,beta,beta,single_batch,0.3845422863960266
531,8.518732070922852,17.395469665527344,7,mouse1_lib2.final_cell_0255,delta,delta,single_batch,1.9363317489624023
532,-1.8473529815673828,2.4214539527893066,5,mouse1_lib2.final_cell_0256,beta,beta,single_batch,0.3845422863960266
533,-13.663237571716309,-2.320208787918091,4,mouse1_lib2.final_cell_0257,ductal,T_cell,single_batch,0.9200183749198914
534,-3.1178054809570312,-5.445085048675537,0,mouse1_lib2.final_cell_0258,endothelial,endothelial,single_batch,2.041776657104492
535,-3.486833333969116,-4.692576885223389,0,mouse1_lib2.final_cell_0259,endothelial,endothelial,single_batch,2.327212333679199
536,7.08598518371582,6.890641212463379,3,mouse1_lib2.final_cell_0260,ductal,ductal,single_batch,0.8920673727989197
537,-4.655440330505371,5.913167476654053,5,mouse1_lib2.final_cell_0261,alpha,beta,single_batch,0.81855309009552
538,11.599464416503906,-2.0832679271698,6,mouse1_lib2.final_cell_0262,delta,gamma,single_batch,1.1982717514038086
539,7.60167121887207,17.088315963745117,7,mouse1_lib2.final_cell_0263,delta,delta,single_batch,1.3519519567489624
540,-3.5247881412506104,4.154666423797607,5,mouse1_lib2.final_cell_0264,beta,beta,single_batch,0.4603429436683655
541,-1.7530335187911987,1.5241628885269165,5,mouse1_lib2.final_cell_0265,beta,beta,single_batch,0.3845422863960266
542,-3.1005029678344727,-5.4980010986328125,0,mouse1_lib2.final_cell_0266,endothelial,endothelial,single_batch,2.23964262008667
543,-2.69087290763855,3.046905279159546,5,mouse1_lib2.final_cell_0267,beta,beta,single_batch,0.3845422863960266
544,-1.938719391822815,4.647701740264893,5,mouse1_lib2.final_cell_0268,beta,beta,single_batch,0.3845422863960266
545,14.396965026855469,2.4021458625793457,2,mouse1_lib2.final_cell_0269,activated_stellate,quiescent_stellate,single_batch,2.6808598041534424
546,11.8466157913208,-1.3687093257904053,6,mouse1_lib2.final_cell_0270,delta,gamma,single_batch,1.1396095752716064
547,-13.341171264648438,-2.316040277481079,4,mouse1_lib2.final_cell_0271,ductal,T_cell,single_batch,0.8579065203666687
548,12.724125862121582,18.957918167114258,1,mouse1_lib2.final_cell_0272,macrophage,macrophage,single_batch,3.0974042415618896
549,-1.9590487480163574,3.2190208435058594,5,mouse1_lib2.final_cell_0273,beta,beta,single_batch,0.3845422863960266
550,8.66738224029541,17.501083374023438,7,mouse1_lib2.final_cell_0274,delta,delta,single_batch,2.0265002250671387
551,-0.8997917175292969,1.585726261138916,5,mouse1_lib2.final_cell_0275,beta,beta,single_batch,0.38685476779937744
552,-1.4632498025894165,3.5103163719177246,5,mouse1_lib2.final_cell_0276,beta,beta,single_batch,0.3845422863960266
553,-1.8365561962127686,1.3119268417358398,5,mouse1_lib2.final_cell_0277,beta,beta,single_batch,0.3845422863960266
554,-3.1621248722076416,4.881164073944092,5,mouse1_lib2.final_cell_0278,beta,beta,single_batch,0.3845422863960266
555,6.792300701141357,6.645202159881592,3,mouse1_lib2.final_cell_0279,ductal,ductal,single_batch,1.5506869554519653
556,-14.660457611083984,-1.98866868019104,4,mouse1_lib2.final_cell_0280,ductal,T_cell,single_batch,1.2322345972061157
557,6.278924942016602,7.1036834716796875,3,mouse1_lib2.final_cell_0281,ductal,ductal,single_batch,0.6390455365180969
558,-12.807644844055176,-3.2645533084869385,4,mouse1_lib2.final_cell_0282,ductal,T_cell,single_batch,0.7773988842964172
559,-14.658355712890625,-1.976343035697937,4,mouse1_lib2.final_cell_0283,ductal,T_cell,single_batch,1.0445966720581055
560,6.599332809448242,8.410178184509277,3,mouse1_lib2.final_cell_0284,ductal,ductal,single_batch,0.8468167781829834
561,6.587039947509766,6.75716495513916,3,mouse1_lib2.final_cell_0285,ductal,ductal,single_batch,1.0426660776138306
562,-14.161063194274902,-2.3697690963745117,4,mouse1_lib2.final_cell_0286,ductal,T_cell,single_batch,0.8156128525733948
563,14.463285446166992,2.629229784011841,2,mouse1_lib2.final_cell_0287,quiescent_stellate,quiescent_stellate,single_batch,2.6206634044647217
564,11.614232063293457,-2.0851118564605713,6,mouse1_lib2.final_cell_0288,delta,gamma,single_batch,1.2377655506134033
565,-4.056211471557617,-5.765809059143066,0,mouse1_lib2.final_cell_0289,endothelial,endothelial,single_batch,2.0252115726470947
566,7.797118186950684,7.6348490715026855,3,mouse1_lib2.final_cell_0290,ductal,ductal,single_batch,0.9683443903923035
567,-3.409761428833008,-4.716464042663574,0,mouse1_lib2.final_cell_0291,endothelial,endothelial,single_batch,2.327212333679199
568,-2.1420342922210693,2.68760085105896,5,mouse1_lib3.final_cell_0001,beta,beta,single_batch,0.3845422863960266
569,-2.3374440670013428,4.356752395629883,5,mouse1_lib3.final_cell_0002,beta,beta,single_batch,0.3845422863960266
570,4.120534420013428,7.872032165527344,3,mouse1_lib3.final_cell_0003,ductal,ductal,single_batch,0.7757883667945862
571,11.490509986877441,-2.1274526119232178,6,mouse1_lib3.final_cell_0004,delta,gamma,single_batch,0.9635642170906067
572,10.924660682678223,-2.583235025405884,6,mouse1_lib3.final_cell_0005,alpha,gamma,single_batch,1.098638892173767
573,-4.461949825286865,-5.828804016113281,0,mouse1_lib3.final_cell_0006,endothelial,endothelial,single_batch,2.327212333679199
574,-1.2299948930740356,3.9989230632781982,5,mouse1_lib3.final_cell_0007,beta,beta,single_batch,0.3845422863960266
575,-12.27434253692627,-3.661008596420288,4,mouse1_lib3.final_cell_0008,ductal,T_cell,single_batch,1.2170848846435547
576,-1.1803712844848633,2.0901613235473633,5,mouse1_lib3.final_cell_0009,beta,beta,single_batch,0.3845422863960266
577,-12.471566200256348,-2.7933907508850098,4,mouse1_lib3.final_cell_0010,ductal,T_cell,single_batch,0.7160481214523315
578,4.474084854125977,8.549022674560547,3,mouse1_lib3.final_cell_0011,ductal,ductal,single_batch,0.8555870652198792
579,4.690998554229736,7.746363162994385,3,mouse1_lib3.final_cell_0012,ductal,ductal,single_batch,0.6654836535453796
580,-12.345000267028809,-2.7798726558685303,4,mouse1_lib3.final_cell_0013,ductal,T_cell,single_batch,0.7229335904121399
581,6.81602668762207,8.325358390808105,3,mouse1_lib3.final_cell_0014,ductal,ductal,single_batch,0.7666252255439758
582,-11.7232666015625,-3.421393394470215,4,mouse1_lib3.final_cell_0015,ductal,T_cell,single_batch,1.167421817779541
583,3.7322616577148438,8.327218055725098,3,mouse1_lib3.final_cell_0016,ductal,ductal,single_batch,1.2977237701416016
584,-12.378397941589355,-2.5971837043762207,4,mouse1_lib3.final_cell_0017,ductal,T_cell,single_batch,0.8873671889305115
585,-1.6267744302749634,3.1079089641571045,5,mouse1_lib3.final_cell_0018,beta,beta,single_batch,0.3845422863960266
586,4.112495422363281,7.86945915222168,3,mouse1_lib3.final_cell_0019,ductal,ductal,single_batch,0.7583599090576172
587,9.92914867401123,-3.236125946044922,6,mouse1_lib3.final_cell_0020,gamma,gamma,single_batch,1.1486754417419434
588,6.878089904785156,16.62571907043457,7,mouse1_lib3.final_cell_0021,delta,delta,single_batch,1.1616169214248657
589,-2.941366195678711,4.951568126678467,5,mouse1_lib3.final_cell_0022,beta,beta,single_batch,0.3845422863960266
590,-1.3885674476623535,2.994622230529785,5,mouse1_lib3.final_cell_0023,beta,beta,single_batch,0.3845422863960266
591,6.66467809677124,16.465282440185547,7,mouse1_lib3.final_cell_0024,delta,delta,single_batch,1.3727015256881714
592,5.222102165222168,7.38804817199707,3,mouse1_lib3.final_cell_0025,ductal,ductal,single_batch,0.6712427139282227
593,11.602049827575684,-2.024681568145752,6,mouse1_lib3.final_cell_0026,delta,gamma,single_batch,1.0085501670837402
594,14.176254272460938,2.234546184539795,2,mouse1_lib3.final_cell_0027,quiescent_stellate,quiescent_stellate,single_batch,2.064457893371582
595,5.282215118408203,8.649256706237793,3,mouse1_lib3.final_cell_0028,ductal,ductal,single_batch,0.8654699921607971
596,4.143527507781982,8.545599937438965,3,mouse1_lib3.final_cell_0029,ductal,ductal,single_batch,1.0357786417007446
597,-4.4230194091796875,-5.878336429595947,0,mouse1_lib3.final_cell_0030,endothelial,endothelial,single_batch,2.282541275024414
598,7.871700763702393,7.733592987060547,3,mouse1_lib3.final_cell_0031,ductal,ductal,single_batch,1.3662103414535522
599,-1.1551833152770996,2.32954740524292,5,mouse1_lib3.final_cell_0032,beta,beta,single_batch,0.3845422863960266
600,4.590761661529541,7.718221664428711,3,mouse1_lib3.final_cell_0033,ductal,ductal,single_batch,0.636938750743866
601,-11.926095962524414,-3.519752025604248,4,mouse1_lib3.final_cell_0034,ductal,T_cell,single_batch,0.9896365404129028
602,-12.726472854614258,-3.0382518768310547,4,mouse1_lib3.final_cell_0035,ductal,T_cell,single_batch,0.8919199109077454
603,4.155808925628662,8.575821876525879,3,mouse1_lib3.final_cell_0036,ductal,ductal,single_batch,1.0972321033477783
604,-13.350395202636719,-2.8047914505004883,4,mouse1_lib3.final_cell_0037,ductal,T_cell,single_batch,1.184025764465332
605,11.999431610107422,-1.1183956861495972,6,mouse1_lib3.final_cell_0038,delta,gamma,single_batch,1.0348730087280273
606,-4.162866592407227,5.738619804382324,5,mouse1_lib3.final_cell_0039,beta,beta,single_batch,0.40095266699790955
607,-1.0506671667099,3.5024642944335938,5,mouse1_lib3.final_cell_0040,beta,beta,single_batch,0.3845422863960266
608,-12.27437686920166,-3.693369150161743,4,mouse1_lib3.final_cell_0041,ductal,T_cell,single_batch,1.1725760698318481
609,-3.7011044025421143,-5.697394371032715,0,mouse1_lib3.final_cell_0042,endothelial,endothelial,single_batch,2.3056187629699707
610,-3.5334203243255615,-5.910676956176758,0,mouse1_lib3.final_cell_0043,endothelial,endothelial,single_batch,2.327212333679199
611,11.857468605041504,-1.340304970741272,6,mouse1_lib3.final_cell_0044,delta,gamma,single_batch,0.9142298698425293
612,7.206820487976074,16.866952896118164,7,mouse1_lib3.final_cell_0045,delta,delta,single_batch,1.227160096168518
613,3.7758429050445557,8.36612606048584,3,mouse1_lib3.final_cell_0046,ductal,ductal,single_batch,1.243333101272583
614,-1.7228889465332031,1.3706161975860596,5,mouse1_lib3.final_cell_0047,beta,beta,single_batch,0.3845422863960266
615,-3.398793935775757,4.860433101654053,5,mouse1_lib3.final_cell_0048,beta,beta,single_batch,0.3845422863960266
616,-3.2876133918762207,5.481395244598389,5,mouse1_lib3.final_cell_0049,beta,beta,single_batch,0.3845422863960266
617,6.794347286224365,16.560972213745117,7,mouse1_lib3.final_cell_0050,delta,delta,single_batch,1.099252462387085
618,-2.2821664810180664,3.042015314102173,5,mouse1_lib3.final_cell_0051,beta,beta,single_batch,0.3845422863960266
619,-4.785739421844482,5.856242656707764,5,mouse1_lib3.final_cell_0052,beta,beta,single_batch,1.0994669198989868
620,-4.20024299621582,5.9442853927612305,5,mouse1_lib3.final_cell_0053,beta,beta,single_batch,0.4148935377597809
621,-3.04957914352417,-5.605600833892822,0,mouse1_lib3.final_cell_0054,endothelial,endothelial,single_batch,2.316417694091797
622,-4.368484020233154,-5.526316165924072,0,mouse1_lib3.final_cell_0055,endothelial,endothelial,single_batch,2.1573221683502197
623,-12.426581382751465,-2.885117292404175,4,mouse1_lib3.final_cell_0056,ductal,T_cell,single_batch,0.7570812702178955
624,14.25184154510498,2.184781312942505,2,mouse1_lib3.final_cell_0057,quiescent_stellate,quiescent_stellate,single_batch,1.9945398569107056
625,-2.274134874343872,1.7680641412734985,5,mouse1_lib3.final_cell_0058,beta,beta,single_batch,0.3845422863960266
626,-2.623878002166748,2.934826135635376,5,mouse1_lib3.final_cell_0059,beta,beta,single_batch,0.3845422863960266
627,-1.4246830940246582,3.474468231201172,5,mouse1_lib3.final_cell_0060,beta,beta,single_batch,0.3845422863960266
628,-0.7632429599761963,1.761788010597229,5,mouse1_lib3.final_cell_0061,beta,beta,single_batch,0.3845422863960266
629,-2.9759140014648438,3.6780519485473633,5,mouse1_lib3.final_cell_0062,beta,beta,single_batch,0.3845422863960266
630,5.67791748046875,8.653881072998047,3,mouse1_lib3.final_cell_0063,ductal,ductal,single_batch,0.8336521983146667
631,-13.29251766204834,-2.5009806156158447,4,mouse1_lib3.final_cell_0064,ductal,T_cell,single_batch,0.6784604787826538
632,-1.0120517015457153,3.2067313194274902,5,mouse1_lib3.final_cell_0065,beta,beta,single_batch,0.3845422863960266
633,-0.8910844922065735,0.7110719084739685,5,mouse1_lib3.final_cell_0066,beta,beta,single_batch,0.3845422863960266
634,-14.629416465759277,-2.0273420810699463,4,mouse1_lib3.final_cell_0067,ductal,T_cell,single_batch,1.0000369548797607
635,-4.262104511260986,5.89409875869751,5,mouse1_lib3.final_cell_0068,beta,beta,single_batch,0.38554081320762634
636,-4.066606521606445,5.53564453125,5,mouse1_lib3.final_cell_0069,beta,beta,single_batch,0.39385417103767395
637,5.6665873527526855,8.739763259887695,3,mouse1_lib3.final_cell_0070,ductal,ductal,single_batch,1.0733962059020996
638,5.438583850860596,8.738494873046875,3,mouse1_lib3.final_cell_0071,ductal,ductal,single_batch,1.0234124660491943
639,-12.27038860321045,-3.6642274856567383,4,mouse1_lib3.final_cell_0072,ductal,T_cell,single_batch,0.9632651209831238
640,-13.018649101257324,-2.994474172592163,4,mouse1_lib3.final_cell_0073,ductal,T_cell,single_batch,0.6846825480461121
641,-2.819563388824463,4.115306854248047,5,mouse1_lib3.final_cell_0074,beta,beta,single_batch,0.3845422863960266
642,-1.1066151857376099,2.7674694061279297,5,mouse1_lib3.final_cell_0075,beta,beta,single_batch,0.3845422863960266
643,-12.415802001953125,-2.795879602432251,4,mouse1_lib3.final_cell_0076,ductal,T_cell,single_batch,1.0633728504180908
644,-3.481337547302246,3.546213388442993,5,mouse1_lib3.final_cell_0077,beta,beta,single_batch,0.3845422863960266
645,14.45976734161377,2.527021884918213,2,mouse1_lib3.final_cell_0078,activated_stellate,quiescent_stellate,single_batch,2.6808598041534424
646,-15.061990737915039,-2.9890224933624268,4,mouse1_lib3.final_cell_0079,immune_other,T_cell,single_batch,2.1603307723999023
647,-4.023241996765137,5.821418762207031,5,mouse1_lib3.final_cell_0080,beta,beta,single_batch,0.8240960240364075
648,-0.607951819896698,1.4400436878204346,5,mouse1_lib3.final_cell_0081,beta,beta,single_batch,0.3845422863960266
649,5.827918529510498,8.712960243225098,3,mouse1_lib3.final_cell_0082,ductal,ductal,single_batch,0.869160532951355
650,-2.030046224594116,2.8214826583862305,5,mouse1_lib3.final_cell_0083,beta,beta,single_batch,0.3845422863960266
651,-0.8535237908363342,2.4895195960998535,5,mouse1_lib3.final_cell_0084,beta,beta,single_batch,0.3845422863960266
652,14.202134132385254,2.1445119380950928,2,mouse1_lib3.final_cell_0085,quiescent_stellate,quiescent_stellate,single_batch,2.1158769130706787
653,-12.780920028686523,-2.3834073543548584,4,mouse1_lib3.final_cell_0086,ductal,T_cell,single_batch,1.0025150775909424
654,6.511293411254883,7.253215312957764,3,mouse1_lib3.final_cell_0087,ductal,ductal,single_batch,0.5906615257263184
655,7.075508117675781,16.774951934814453,7,mouse1_lib3.final_cell_0088,delta,delta,single_batch,1.0941282510757446
656,-13.236599922180176,-2.958991765975952,4,mouse1_lib3.final_cell_0089,ductal,T_cell,single_batch,0.8143373131752014
657,-13.41808032989502,-2.329771041870117,4,mouse1_lib3.final_cell_0090,ductal,T_cell,single_batch,0.8781200647354126
658,6.401165962219238,8.605692863464355,3,mouse1_lib3.final_cell_0091,ductal,ductal,single_batch,0.8874330520629883
659,-3.5464255809783936,4.366179943084717,5,mouse1_lib3.final_cell_0092,beta,beta,single_batch,0.3845422863960266
660,-0.6969044804573059,1.7121292352676392,5,mouse1_lib3.final_cell_0093,beta,beta,single_batch,0.3845422863960266
661,-2.4605531692504883,5.4795637130737305,5,mouse1_lib3.final_cell_0094,beta,beta,single_batch,0.5982967019081116
662,14.094270706176758,1.991794466972351,2,mouse1_lib3.final_cell_0095,quiescent_stellate,quiescent_stellate,single_batch,2.5829970836639404
663,-3.45112681388855,-4.606971263885498,0,mouse1_lib3.final_cell_0096,endothelial,endothelial,single_batch,2.327212333679199
664,12.799708366394043,19.033552169799805,1,mouse1_lib3.final_cell_0097,macrophage,macrophage,single_batch,3.0974042415618896
665,-3.9037160873413086,5.588051795959473,5,mouse1_lib3.final_cell_0098,beta,beta,single_batch,0.3845422863960266
666,7.344657897949219,7.28441047668457,3,mouse1_lib3.final_cell_0099,ductal,ductal,single_batch,0.7690302729606628
667,-1.1925475597381592,2.18923020362854,5,mouse1_lib3.final_cell_0100,beta,beta,single_batch,0.3845422863960266
668,-3.6386311054229736,-4.307744026184082,0,mouse1_lib3.final_cell_0101,endothelial,endothelial,single_batch,2.327212333679199
669,-2.8806965351104736,4.033471584320068,5,mouse1_lib3.final_cell_0102,beta,beta,single_batch,0.3845422863960266
670,9.982189178466797,-3.1931374073028564,6,mouse1_lib3.final_cell_0103,gamma,gamma,single_batch,1.3089101314544678
671,-3.0472240447998047,-5.367627143859863,0,mouse1_lib3.final_cell_0104,endothelial,endothelial,single_batch,2.323711633682251
672,-4.753785610198975,5.8613972663879395,5,mouse1_lib3.final_cell_0105,beta,beta,single_batch,0.7908785343170166
673,9.870819091796875,-3.2794628143310547,6,mouse1_lib3.final_cell_0106,beta,gamma,single_batch,1.3796149492263794
674,-1.9804495573043823,2.176504135131836,5,mouse1_lib3.final_cell_0107,beta,beta,single_batch,0.3845422863960266
675,-3.3578619956970215,2.9136319160461426,5,mouse1_lib3.final_cell_0108,beta,beta,single_batch,0.4719417989253998
676,-15.086896896362305,-2.992241144180298,4,mouse1_lib3.final_cell_0109,T_cell,T_cell,single_batch,2.1603307723999023
677,-1.226506233215332,2.5614724159240723,5,mouse1_lib3.final_cell_0110,beta,beta,single_batch,0.3845422863960266
678,-1.0783369541168213,1.8535046577453613,5,mouse1_lib3.final_cell_0111,beta,beta,single_batch,0.3845422863960266
679,-0.7370120882987976,1.2999907732009888,5,mouse1_lib3.final_cell_0112,beta,beta,single_batch,0.3845422863960266
680,-2.138559579849243,4.366878986358643,5,mouse1_lib3.final_cell_0113,beta,beta,single_batch,0.3845422863960266
681,10.141438484191895,-3.0725257396698,6,mouse1_lib3.final_cell_0114,delta,gamma,single_batch,1.1092952489852905
682,-1.4641087055206299,3.5168685913085938,5,mouse1_lib3.final_cell_0115,beta,beta,single_batch,0.3845422863960266
683,-3.060654401779175,-5.413357734680176,0,mouse1_lib3.final_cell_0116,endothelial,endothelial,single_batch,2.2498836517333984
684,-3.2544243335723877,5.026561260223389,5,mouse1_lib3.final_cell_0117,beta,beta,single_batch,0.39959198236465454
685,-2.3080224990844727,3.0317721366882324,5,mouse1_lib3.final_cell_0118,beta,beta,single_batch,0.3845422863960266
686,5.667731761932373,7.534994125366211,3,mouse1_lib3.final_cell_0119,ductal,ductal,single_batch,0.8964406847953796
687,10.601175308227539,-2.7963600158691406,6,mouse1_lib3.final_cell_0120,delta,gamma,single_batch,1.3175690174102783
688,12.061898231506348,-1.0427311658859253,6,mouse1_lib3.final_cell_0121,delta,gamma,single_batch,1.3789153099060059
689,-3.5410399436950684,2.799288511276245,5,mouse1_lib3.final_cell_0122,beta,beta,single_batch,0.8056531548500061
690,7.185822486877441,16.86018943786621,7,mouse1_lib3.final_cell_0123,delta,delta,single_batch,1.162644624710083
691,-2.719423294067383,5.0606513023376465,5,mouse1_lib3.final_cell_0124,beta,beta,single_batch,0.3845422863960266
692,-4.324798583984375,-5.399851322174072,0,mouse1_lib3.final_cell_0125,endothelial,endothelial,single_batch,2.2091245651245117
693,10.668879508972168,-2.7506635189056396,6,mouse1_lib3.final_cell_0126,delta,gamma,single_batch,1.0770028829574585
694,5.222526550292969,8.649557113647461,3,mouse1_lib3.final_cell_0127,ductal,ductal,single_batch,1.0094753503799438
695,-4.006008625030518,-5.810009479522705,0,mouse1_lib3.final_cell_0128,endothelial,endothelial,single_batch,1.9159681797027588
696,-4.413375377655029,5.897377014160156,5,mouse1_lib3.final_cell_0129,beta,beta,single_batch,0.656328558921814
697,-0.5086551308631897,1.5732231140136719,5,mouse1_lib3.final_cell_0130,beta,beta,single_batch,0.3845422863960266
698,-1.1391420364379883,3.253058910369873,5,mouse1_lib3.final_cell_0131,beta,beta,single_batch,0.3845422863960266
699,-4.071920871734619,5.576023101806641,5,mouse1_lib3.final_cell_0132,beta,beta,single_batch,0.536013126373291
700,10.607397079467773,-2.7939746379852295,6,mouse1_lib3.final_cell_0133,delta,gamma,single_batch,1.4172636270523071
701,5.209023475646973,8.639113426208496,3,mouse1_lib3.final_cell_0134,ductal,ductal,single_batch,0.855032205581665
702,-4.047363758087158,5.810634136199951,5,mouse1_lib3.final_cell_0135,beta,beta,single_batch,0.5503974556922913
703,8.582098007202148,17.42949867248535,7,mouse1_lib3.final_cell_0136,delta,delta,single_batch,1.9535707235336304
704,-3.123908519744873,2.6337125301361084,5,mouse1_lib3.final_cell_0137,beta,beta,single_batch,0.3845422863960266
705,9.903509140014648,-3.2520551681518555,6,mouse1_lib3.final_cell_0138,beta,gamma,single_batch,1.3044599294662476
706,-1.293438196182251,3.2504594326019287,5,mouse1_lib3.final_cell_0139,beta,beta,single_batch,0.3845422863960266
707,-3.369584798812866,4.662298202514648,5,mouse1_lib3.final_cell_0140,beta,beta,single_batch,0.3845422863960266
708,-4.556919097900391,5.952443599700928,5,mouse1_lib3.final_cell_0141,beta,beta,single_batch,0.6982776522636414
709,-2.029646873474121,1.555786371231079,5,mouse1_lib3.final_cell_0142,beta,beta,single_batch,0.5020039081573486
710,-3.103450059890747,3.8664233684539795,5,mouse1_lib3.final_cell_0143,beta,beta,single_batch,0.3845422863960266
711,8.624107360839844,17.465087890625,7,mouse1_lib3.final_cell_0144,delta,delta,single_batch,2.022172451019287
712,-13.015637397766113,-2.987240791320801,4,mouse1_lib3.final_cell_0145,ductal,T_cell,single_batch,0.6830512285232544
713,-1.8106002807617188,4.818238258361816,5,mouse1_lib3.final_cell_0146,beta,beta,single_batch,0.3845422863960266
714,-0.582854688167572,2.2894413471221924,5,mouse1_lib3.final_cell_0147,beta,beta,single_batch,0.3845422863960266
715,14.230840682983398,2.150984764099121,2,mouse1_lib3.final_cell_0148,quiescent_stellate,quiescent_stellate,single_batch,2.1818130016326904
716,6.147375583648682,8.690382957458496,3,mouse1_lib3.final_cell_0149,ductal,ductal,single_batch,1.0650641918182373
717,8.023720741271973,17.17650032043457,7,mouse1_lib3.final_cell_0150,delta,delta,single_batch,1.6940548419952393
718,-3.276970148086548,4.765533924102783,5,mouse1_lib3.final_cell_0151,beta,beta,single_batch,0.3845422863960266
719,-3.4446184635162354,5.4655985832214355,5,mouse1_lib3.final_cell_0152,beta,beta,single_batch,0.3845422863960266
720,-0.7284303903579712,1.0981543064117432,5,mouse1_lib3.final_cell_0153,beta,beta,single_batch,0.3845422863960266
721,4.058220386505127,7.947714328765869,3,mouse1_lib3.final_cell_0154,ductal,ductal,single_batch,0.7480208873748779
722,-1.8262995481491089,4.102234840393066,5,mouse1_lib3.final_cell_0155,beta,beta,single_batch,0.3845422863960266
723,7.087132453918457,7.807897567749023,3,mouse1_lib3.final_cell_0156,ductal,ductal,single_batch,0.8439435362815857
724,5.146636486053467,7.375975131988525,3,mouse1_lib3.final_cell_0157,ductal,ductal,single_batch,0.9380512833595276
725,-13.930889129638672,-2.292879581451416,4,mouse1_lib3.final_cell_0158,ductal,T_cell,single_batch,0.7688079476356506
726,-1.2981982231140137,3.998950719833374,5,mouse1_lib3.final_cell_0159,beta,beta,single_batch,0.3845422863960266
727,-4.22860050201416,5.640218734741211,5,mouse1_lib3.final_cell_0160,beta,beta,single_batch,0.41877317428588867
728,-14.66862964630127,-1.9775227308273315,4,mouse1_lib3.final_cell_0161,ductal,T_cell,single_batch,1.3111817836761475
729,12.059743881225586,-1.0526043176651,6,mouse1_lib3.final_cell_0162,delta,gamma,single_batch,1.3851206302642822
730,-3.090045213699341,-5.633081436157227,0,mouse1_lib3.final_cell_0163,endothelial,endothelial,single_batch,2.1616101264953613
731,6.628137588500977,7.79621696472168,3,mouse1_lib3.final_cell_0164,ductal,ductal,single_batch,0.6369009017944336
732,-2.982560157775879,3.4223880767822266,5,mouse1_lib3.final_cell_0165,beta,beta,single_batch,0.3845422863960266
733,4.242170810699463,8.154438972473145,3,mouse1_lib3.final_cell_0166,ductal,ductal,single_batch,0.6599151492118835
734,6.760211944580078,6.637740612030029,3,mouse1_lib3.final_cell_0167,ductal,ductal,single_batch,1.5699928998947144
735,11.924015998840332,-1.2043367624282837,6,mouse1_lib3.final_cell_0168,delta,gamma,single_batch,1.1012498140335083
736,14.210365295410156,2.119439125061035,2,mouse1_lib3.final_cell_0169,quiescent_stellate,quiescent_stellate,single_batch,2.168886661529541
737,-4.196104526519775,-5.656169414520264,0,mouse1_lib3.final_cell_0170,endothelial,endothelial,single_batch,1.9296553134918213
738,-3.099979877471924,3.891099214553833,5,mouse1_lib3.final_cell_0171,beta,beta,single_batch,0.40272337198257446
739,-1.4227159023284912,1.4434353113174438,5,mouse1_lib3.final_cell_0172,beta,beta,single_batch,0.3845422863960266
740,6.671050548553467,16.450742721557617,7,mouse1_lib3.final_cell_0173,delta,delta,single_batch,1.380847454071045
741,7.462047100067139,7.929694652557373,3,mouse1_lib3.final_cell_0174,ductal,ductal,single_batch,0.8389873504638672
742,4.321884632110596,8.01517105102539,3,mouse1_lib3.final_cell_0175,ductal,ductal,single_batch,0.6048262715339661
743,-4.357723712921143,5.958436965942383,5,mouse1_lib3.final_cell_0176,beta,beta,single_batch,0.4281591475009918
744,6.683284282684326,16.46189308166504,7,mouse1_lib3.final_cell_0177,delta,delta,single_batch,1.402358055114746
745,-2.0926902294158936,4.905125617980957,5,mouse1_lib3.final_cell_0178,beta,beta,single_batch,0.3845422863960266
746,-14.654600143432617,-1.9759966135025024,4,mouse1_lib3.final_cell_0179,ductal,T_cell,single_batch,1.0446827411651611
747,-11.964057922363281,-3.0628418922424316,4,mouse1_lib3.final_cell_0180,ductal,T_cell,single_batch,0.7999870181083679
748,-2.9119129180908203,4.1121063232421875,5,mouse1_lib3.final_cell_0181,beta,beta,single_batch,0.3845422863960266
749,-3.1222410202026367,5.404725074768066,5,mouse1_lib3.final_cell_0182,beta,beta,single_batch,0.3845422863960266
750,-3.348841667175293,2.6499147415161133,5,mouse1_lib3.final_cell_0183,beta,beta,single_batch,0.5577316284179688
751,-4.389575958251953,-5.492934226989746,0,mouse1_lib3.final_cell_0184,endothelial,endothelial,single_batch,2.327212333679199
752,4.2460408210754395,7.838081359863281,3,mouse1_lib3.final_cell_0185,ductal,ductal,single_batch,0.7457818984985352
753,-2.607945442199707,5.475605487823486,5,mouse1_lib3.final_cell_0186,beta,beta,single_batch,0.46443694829940796
754,12.742039680480957,18.975914001464844,1,mouse1_lib3.final_cell_0187,macrophage,macrophage,single_batch,3.0974042415618896
755,-2.9083454608917236,3.7394914627075195,5,mouse1_lib3.final_cell_0188,beta,beta,single_batch,0.3845422863960266
756,9.776063919067383,-3.370396137237549,8,mouse1_lib3.final_cell_0189,beta,alpha,single_batch,1.522905707359314
757,6.079740047454834,7.421560764312744,3,mouse1_lib3.final_cell_0190,ductal,ductal,single_batch,0.8611273765563965
758,-4.6092963218688965,5.676854133605957,5,mouse1_lib3.final_cell_0191,beta,beta,single_batch,0.49743202328681946
759,-0.9410054087638855,1.4933425188064575,5,mouse1_lib3.final_cell_0192,beta,beta,single_batch,0.3845422863960266
760,-3.9539358615875244,4.066222190856934,5,mouse1_lib3.final_cell_0193,beta,beta,single_batch,0.4268810451030731
761,-2.047473669052124,2.6715617179870605,5,mouse1_lib3.final_cell_0194,beta,beta,single_batch,0.3845422863960266
762,-1.8948100805282593,1.3312902450561523,5,mouse1_lib3.final_cell_0195,beta,beta,single_batch,0.3845422863960266
763,-1.7457537651062012,3.6016578674316406,5,mouse1_lib3.final_cell_0196,beta,beta,single_batch,0.3845422863960266
764,6.102485179901123,7.0900115966796875,3,mouse1_lib3.final_cell_0197,ductal,ductal,single_batch,0.7333986759185791
765,-0.5775637626647949,1.6519200801849365,5,mouse1_lib3.final_cell_0198,beta,beta,single_batch,0.3857111930847168
766,-2.0637009143829346,3.9041237831115723,5,mouse1_lib3.final_cell_0199,beta,beta,single_batch,0.3845422863960266
767,-15.075425148010254,-3.0060486793518066,4,mouse1_lib3.final_cell_0200,immune_other,T_cell,single_batch,2.1603307723999023
768,-0.7367010116577148,1.7408638000488281,5,mouse1_lib3.final_cell_0201,beta,beta,single_batch,0.38877323269844055
769,12.776704788208008,19.01057243347168,1,mouse1_lib3.final_cell_0202,macrophage,macrophage,single_batch,3.0974042415618896
770,14.231507301330566,2.59428071975708,2,mouse1_lib3.final_cell_0203,quiescent_stellate,quiescent_stellate,single_batch,2.2114832401275635
771,7.8559770584106445,7.6192708015441895,3,mouse1_lib3.final_cell_0204,ductal,ductal,single_batch,1.1159822940826416
772,-2.8418753147125244,5.347981929779053,5,mouse1_lib3.final_cell_0205,beta,beta,single_batch,0.43521663546562195
773,-3.9230144023895264,4.696776866912842,5,mouse1_lib3.final_cell_0206,beta,beta,single_batch,0.3845422863960266
774,6.898523807525635,6.7119364738464355,3,mouse1_lib3.final_cell_0207,ductal,ductal,single_batch,1.3555845022201538
775,11.639649391174316,-1.9601210355758667,6,mouse1_lib3.final_cell_0208,delta,gamma,single_batch,1.0758806467056274
776,-13.454154968261719,-2.6826529502868652,4,mouse1_lib3.final_cell_0209,ductal,T_cell,single_batch,0.7689863443374634
777,-2.0168793201446533,3.202033519744873,5,mouse1_lib3.final_cell_0210,beta,beta,single_batch,0.3845422863960266
778,-2.6642704010009766,5.467402458190918,5,mouse1_lib3.final_cell_0211,beta,beta,single_batch,0.4528235197067261
779,-0.5178542137145996,1.6675621271133423,5,mouse1_lib3.final_cell_0212,beta,beta,single_batch,0.3845422863960266
780,-3.821664571762085,4.8656816482543945,5,mouse1_lib3.final_cell_0213,beta,beta,single_batch,0.39388027787208557
781,-12.55156421661377,-2.567941427230835,4,mouse1_lib3.final_cell_0214,ductal,T_cell,single_batch,0.7719480991363525
782,5.348875999450684,7.289566516876221,3,mouse1_lib3.final_cell_0215,ductal,ductal,single_batch,0.7645531296730042
783,14.440406799316406,2.5419058799743652,2,mouse1_lib3.final_cell_0216,activated_stellate,quiescent_stellate,single_batch,2.6808598041534424
784,5.9188032150268555,7.84765100479126,3,mouse1_lib3.final_cell_0217,ductal,ductal,single_batch,0.7506418824195862
785,7.255180835723877,7.2076616287231445,3,mouse1_lib3.final_cell_0218,ductal,ductal,single_batch,0.7011938691139221
786,-2.000155448913574,1.6403088569641113,5,mouse1_lib3.final_cell_0219,beta,beta,single_batch,0.3845422863960266
787,-15.029610633850098,-3.034742593765259,4,mouse1_lib3.final_cell_0220,B_cell,T_cell,single_batch,2.1603307723999023
788,6.107789516448975,7.404534339904785,3,mouse1_lib3.final_cell_0221,ductal,ductal,single_batch,0.5508503913879395
789,12.791258811950684,19.02500343322754,1,mouse1_lib3.final_cell_0222,macrophage,macrophage,single_batch,3.0974042415618896
790,9.947641372680664,-3.2228031158447266,6,mouse1_lib3.final_cell_0223,delta,gamma,single_batch,1.1496946811676025
791,-2.0346522331237793,1.547988772392273,5,mouse1_lib3.final_cell_0224,beta,beta,single_batch,0.3845422863960266
792,12.740612983703613,18.974519729614258,1,mouse1_lib3.final_cell_0225,macrophage,macrophage,single_batch,3.0974042415618896
793,-1.3413325548171997,1.4011424779891968,5,mouse1_lib3.final_cell_0226,beta,beta,single_batch,0.4366931915283203
794,-1.1104930639266968,2.0901265144348145,5,mouse1_lib3.final_cell_0227,beta,beta,single_batch,0.3845422863960266
795,7.0305256843566895,7.165953636169434,3,mouse1_lib3.final_cell_0228,ductal,ductal,single_batch,0.7418977618217468
796,-13.256037712097168,-3.012674331665039,4,mouse1_lib3.final_cell_0229,ductal,T_cell,single_batch,0.9724529981613159
797,-15.117449760437012,-2.990133047103882,4,mouse1_lib3.final_cell_0230,T_cell,T_cell,single_batch,2.1603307723999023
798,-12.76820182800293,-3.000972032546997,4,mouse1_lib3.final_cell_0231,ductal,T_cell,single_batch,0.7070545554161072
799,-14.664741516113281,-2.0051076412200928,4,mouse1_lib3.final_cell_0232,ductal,T_cell,single_batch,1.1687510013580322
800,-0.8786821365356445,0.8583238124847412,5,mouse1_lib3.final_cell_0233,beta,beta,single_batch,0.3845422863960266
801,7.792886257171631,7.604480266571045,3,mouse1_lib3.final_cell_0234,ductal,ductal,single_batch,1.0053646564483643
802,5.45518684387207,7.268056869506836,3,mouse1_lib3.final_cell_0235,ductal,ductal,single_batch,0.6486510634422302
803,7.189315319061279,7.712110996246338,3,mouse1_lib3.final_cell_0236,ductal,ductal,single_batch,0.6491740345954895
804,6.837967872619629,6.568702697753906,3,mouse1_lib3.final_cell_0237,ductal,ductal,single_batch,1.4751644134521484
805,-1.733206033706665,4.7153472900390625,5,mouse1_lib3.final_cell_0238,beta,beta,single_batch,0.3845422863960266
806,7.615259647369385,7.5384931564331055,3,mouse1_lib3.final_cell_0239,ductal,ductal,single_batch,0.76163250207901
807,-14.320836067199707,-2.255779504776001,4,mouse1_lib3.final_cell_0240,ductal,T_cell,single_batch,0.9107091426849365
808,6.211089134216309,7.4741435050964355,3,mouse1_lib3.final_cell_0241,ductal,ductal,single_batch,0.5508758425712585
809,-1.3004335165023804,3.174053430557251,5,mouse1_lib3.final_cell_0242,beta,beta,single_batch,0.3845422863960266
810,7.149300575256348,7.087380886077881,3,mouse1_lib3.final_cell_0243,ductal,ductal,single_batch,0.7513990998268127
811,-13.355865478515625,-2.9166417121887207,4,mouse1_lib3.final_cell_0244,ductal,T_cell,single_batch,0.9031978249549866
812,11.459664344787598,-2.1527154445648193,6,mouse1_lib3.final_cell_0245,delta,gamma,single_batch,0.9407883882522583
813,7.329893589019775,16.955154418945312,7,mouse1_lib3.final_cell_0246,delta,delta,single_batch,1.0737532377243042
814,6.2003173828125,7.329169750213623,3,mouse1_lib3.final_cell_0247,ductal,ductal,single_batch,0.5989654660224915
815,-3.0494298934936523,-5.3675761222839355,0,mouse1_lib3.final_cell_0248,endothelial,endothelial,single_batch,2.327212333679199
816,6.744108200073242,6.629574775695801,3,mouse1_lib3.final_cell_0249,ductal,ductal,single_batch,1.3697878122329712
817,-15.116331100463867,-2.9672162532806396,4,mouse1_lib3.final_cell_0250,T_cell,T_cell,single_batch,2.1603307723999023
818,-14.734753608703613,-1.9153718948364258,4,mouse1_lib3.final_cell_0251,ductal,T_cell,single_batch,1.359937071800232
819,6.737434387207031,6.687626361846924,3,mouse1_lib3.final_cell_0252,ductal,ductal,single_batch,1.1537322998046875
820,-3.751347541809082,-4.284291744232178,0,mouse1_lib3.final_cell_0253,endothelial,endothelial,single_batch,2.327212333679199
821,7.5856146812438965,7.256364822387695,3,mouse1_lib3.final_cell_0254,ductal,ductal,single_batch,1.0492184162139893
